scientific_name,common_name,status,kingdom,class,act,nsw,nt,qld,sa,tas,vic,wa,group
Abutilon julianae,Norfolk Island Abutilon,Critically Endangered,Plantae,Magnoliopsida,0,0,0,0,0,0,0,0,Plants
Acacia ammophila,-,Vulnerable,Plantae,Magnoliopsida,0,0,0,1,0,0,0,0,Plants
Acacia anomala,"Grass Wattle, Chittering Grass Wattle",Vulnerable,Plantae,Magnoliopsida,0,0,0,0,0,0,0,1,Plants
Acacia aphylla,Leafless Rock Wattle,Vulnerable,Plantae,Magnoliopsida,0,0,0,0,0,0,0,1,Plants
Acacia aprica,Blunt Wattle,Endangered,Plantae,Magnoliopsida,0,0,0,0,0,0,0,1,Plants
Acacia araneosa,"Spidery Wattle, Balcanoona Wattle",Vulnerable,Plantae,Magnoliopsida,0,0,0,0,1,0,0,0,Plants
Acacia aristulata,Watheroo Wattle,Endangered,Plantae,Magnoliopsida,0,0,0,0,0,0,0,1,Plants
Acacia ataxiphylla subsp. magna,Large-fruited Tammin Wattle,Endangered,Plantae,Magnoliopsida,0,0,0,0,0,0,0,1,Plants
Acacia atrox,Myall Creek Wattle,Critically Endangered,Plantae,Magnoliopsida,0,1,0,0,0,0,0,0,Plants
Acacia attenuata,-,Vulnerable,Plantae,Magnoliopsida,0,0,0,1,0,0,0,0,Plants
Acacia auratiflora,Orange-flowered Wattle,Endangered,Plantae,Magnoliopsida,0,0,0,0,0,0,0,1,Plants
Acacia awestoniana,Stirling Range Wattle,Vulnerable,Plantae,Magnoliopsida,0,0,0,0,0,0,0,1,Plants
Acacia axillaris,"Midlands Mimosa, Midlands Wattle",Vulnerable,Plantae,Magnoliopsida,0,0,0,0,0,1,0,0,Plants
Acacia baueri subsp. aspera,-,Endangered,Plantae,Magnoliopsida,0,1,0,0,0,0,0,0,Plants
Acacia blayana,Blay's Wattle,Critically Endangered,Plantae,Magnoliopsida,0,1,0,0,0,0,0,0,Plants
Acacia brachypoda,Western Wheatbelt Wattle,Endangered,Plantae,Magnoliopsida,0,0,0,0,0,0,0,1,Plants
Acacia bynoeana,"Bynoe's Wattle, Tiny Wattle",Vulnerable,Plantae,Magnoliopsida,0,1,0,0,0,0,0,0,Plants
Acacia caerulescens,"Limestone Blue Wattle, Buchan Blue, Buchan Blue Wattle",Vulnerable,Plantae,Magnoliopsida,0,0,0,0,0,0,1,0,Plants
Acacia carneorum,"Needle Wattle, Dead Finish, Purple-wood Wattle",Vulnerable,Plantae,Magnoliopsida,0,1,0,0,1,0,0,0,Plants
Acacia chapmanii subsp. australis,-,Endangered,Plantae,Magnoliopsida,0,0,0,0,0,0,0,1,Plants
Acacia cochlocarpa subsp. cochlocarpa,Spiral-fruited Wattle,Endangered,Plantae,Magnoliopsida,0,0,0,0,0,0,0,1,Plants
Acacia cochlocarpa subsp. velutinosa,Velvety Spiral Pod Wattle,Critically Endangered,Plantae,Magnoliopsida,0,0,0,0,0,0,0,1,Plants
Acacia constablei,Narrabarba Wattle,Critically Endangered,Plantae,Magnoliopsida,0,1,0,0,0,0,0,0,Plants
Acacia courtii,"Three Brothers Wattle, Brother Wattle, Northern Brother Wattle",Endangered,Plantae,Magnoliopsida,0,1,0,0,0,0,0,0,Plants
Acacia cretacea,Chalky Wattle,Endangered,Plantae,Magnoliopsida,0,0,0,0,1,0,0,0,Plants
Acacia crombiei,Pink Gidgee,Vulnerable,Plantae,Magnoliopsida,0,0,0,1,0,0,0,0,Plants
Acacia curranii,Curly-bark Wattle,Vulnerable,Plantae,Magnoliopsida,0,1,0,1,0,0,0,0,Plants
Acacia dangarensis,-,Critically Endangered,Plantae,Magnoliopsida,0,1,0,0,0,0,0,0,Plants
Acacia denticulosa,Sandpaper Wattle,Vulnerable,Plantae,Magnoliopsida,0,0,0,0,0,0,0,1,Plants
Acacia depressa,Echidna Wattle,Vulnerable,Plantae,Magnoliopsida,0,0,0,0,0,0,0,1,Plants
Acacia deuteroneura,-,Vulnerable,Plantae,Magnoliopsida,0,0,0,1,0,0,0,0,Plants
Acacia enterocarpa,Jumping-jack Wattle,Endangered,Plantae,Magnoliopsida,0,0,0,0,1,0,1,0,Plants
Acacia equisetifolia,a shrub,Critically Endangered,Plantae,Magnoliopsida,0,0,1,0,0,0,0,0,Plants
Acacia eremophiloides,-,Vulnerable,Plantae,Magnoliopsida,0,0,0,1,0,0,0,0,Plants
Acacia flocktoniae,Flockton Wattle,Vulnerable,Plantae,Magnoliopsida,0,1,0,0,0,0,0,0,Plants
Acacia forrestiana,Forest's Wattle,Vulnerable,Plantae,Magnoliopsida,0,0,0,0,0,0,0,1,Plants
Acacia forsteri,-,Critically Endangered,Plantae,Magnoliopsida,0,0,0,1,0,0,0,0,Plants
Acacia georgensis,Bega Wattle,Vulnerable,Plantae,Magnoliopsida,0,1,0,0,0,0,0,0,Plants
Acacia glandulicarpa,Hairy-pod Wattle,Vulnerable,Plantae,Magnoliopsida,0,0,0,0,1,0,1,0,Plants
Acacia gordonii,-,Endangered,Plantae,Magnoliopsida,0,1,0,0,0,0,0,0,Plants
Acacia grandifolia,-,Vulnerable,Plantae,Magnoliopsida,0,0,0,1,0,0,0,0,Plants
Acacia handonis,"Hando's Wattle, Percy Grant Wattle",Vulnerable,Plantae,Magnoliopsida,0,0,0,1,0,0,0,0,Plants
Acacia imitans,Gibson Wattle,Endangered,Plantae,Magnoliopsida,0,0,0,0,0,0,0,1,Plants
Acacia insolita subsp. recurva,Yornaning Wattle,Endangered,Plantae,Magnoliopsida,0,0,0,0,0,0,0,1,Plants
Acacia lanigera var. gracilipes,-,Endangered,Plantae,Magnoliopsida,0,1,0,0,0,0,1,0,Plants
Acacia lanuginophylla,Woolly Wattle,Endangered,Plantae,Magnoliopsida,0,0,0,0,0,0,0,1,Plants
Acacia latzii,Latz's Wattle,Vulnerable,Plantae,Magnoliopsida,0,0,1,0,1,0,0,0,Plants
Acacia lauta,Tara Wattle,Vulnerable,Plantae,Magnoliopsida,0,0,0,1,0,0,0,0,Plants
Acacia leptalea,Chinocup Wattle,Endangered,Plantae,Magnoliopsida,0,0,0,0,0,0,0,1,Plants
Acacia leptoneura,-,Critically Endangered,Plantae,Magnoliopsida,0,0,0,0,0,0,0,1,Plants
Acacia lobulata,Chiddarcooping Wattle,Endangered,Plantae,Magnoliopsida,0,0,0,0,0,0,0,1,Plants
Acacia lumholtzii,Girringun wattle,Critically Endangered,Plantae,Magnoliopsida,0,0,0,1,0,0,0,0,Plants
Acacia macnuttiana,McNutt's Wattle,Vulnerable,Plantae,Magnoliopsida,0,1,0,0,0,0,0,0,Plants
Acacia meiantha,-,Endangered,Plantae,Magnoliopsida,0,1,0,0,0,0,0,0,Plants
Acacia menzelii,Menzel's Wattle,Vulnerable,Plantae,Magnoliopsida,0,0,0,0,1,0,0,0,Plants
Acacia peuce,"Waddy, Waddi, Waddy-wood, Birdsville Wattle",Vulnerable,Plantae,Magnoliopsida,0,0,1,1,1,0,0,0,Plants
Acacia pharangites,Wongan Gully Wattle,Endangered,Plantae,Magnoliopsida,0,0,0,0,0,0,0,1,Plants
Acacia phasmoides,Phantom Wattle,Vulnerable,Plantae,Magnoliopsida,0,1,0,0,0,0,1,0,Plants
Acacia pickardii,Birds Nest Wattle,Vulnerable,Plantae,Magnoliopsida,0,0,1,0,1,0,0,0,Plants
Acacia pinguifolia,"Fat-leaved Wattle,  Fat-leaf Wattle",Endangered,Plantae,Magnoliopsida,0,0,0,0,1,0,0,0,Plants
Acacia porcata,-,Endangered,Plantae,Magnoliopsida,0,0,0,1,0,0,0,0,Plants
Acacia praemorsa,Senna Wattle,Vulnerable,Plantae,Magnoliopsida,0,0,0,0,1,0,0,0,Plants
Acacia praetermissa,a shrub,Vulnerable,Plantae,Magnoliopsida,0,0,1,0,0,0,0,0,Plants
Acacia prismifolia,Diels' Wattle,Critically Endangered,Plantae,Magnoliopsida,0,0,0,0,0,0,0,1,Plants
Acacia pubescens,"Downy Wattle, Hairy Stemmed Wattle",Vulnerable,Plantae,Magnoliopsida,0,1,0,0,0,0,0,0,Plants
Acacia pubifolia,Velvet Wattle,Endangered,Plantae,Magnoliopsida,0,1,0,1,0,0,0,0,Plants
Acacia purpureopetala,Purple-flowered Wattle,Critically Endangered,Plantae,Magnoliopsida,0,0,0,1,0,0,0,0,Plants
Acacia pycnostachya,Bolivia Wattle,Vulnerable,Plantae,Magnoliopsida,0,1,0,0,0,0,0,0,Plants
Acacia pygmaea,Dwarf Rock Wattle,Endangered,Plantae,Magnoliopsida,0,0,0,0,0,0,0,1,Plants
Acacia recurvata,Recurved Wattle,Endangered,Plantae,Magnoliopsida,0,0,0,0,0,0,0,1,Plants
Acacia rhamphophylla,Kundip Wattle,Endangered,Plantae,Magnoliopsida,0,0,0,0,0,0,0,1,Plants
Acacia rhetinocarpa,"Neat Wattle, Resin Wattle (SA)",Vulnerable,Plantae,Magnoliopsida,0,0,0,0,1,0,0,0,Plants
Acacia ruppii,Rupp's Wattle,Endangered,Plantae,Magnoliopsida,0,1,0,1,0,0,0,0,Plants
Acacia sciophanes,"Wundowlin Wattle, Ghost Wattle",Endangered,Plantae,Magnoliopsida,0,0,0,0,0,0,0,1,Plants
Acacia spilleriana,Spiller's Wattle,Endangered,Plantae,Magnoliopsida,0,0,0,0,1,0,0,0,Plants
Acacia splendens,"Splendid Wattle, Dandaragan Wattle",Endangered,Plantae,Magnoliopsida,0,0,0,0,0,0,0,1,Plants
Acacia subflexuosa subsp. capillata,Hairy-stemmed Zig-Zag Wattle,Endangered,Plantae,Magnoliopsida,0,0,0,0,0,0,0,1,Plants
Acacia terminalis subsp. terminalis MS,Sunshine Wattle (Sydney region),Endangered,Plantae,Magnoliopsida,0,1,0,0,0,0,0,0,Plants
Acacia undoolyana,"Undoolya Wattle, Sickle-leaf Wattle",Vulnerable,Plantae,Magnoliopsida,0,0,1,0,0,0,0,0,Plants
Acacia unguicula,a shrub,Critically Endangered,Plantae,Magnoliopsida,0,0,0,0,0,0,0,1,Plants
Acacia vassalii,Vassal's Wattle,Endangered,Plantae,Magnoliopsida,0,0,0,0,0,0,0,1,Plants
Acacia volubilis,"Tangled Wattle, Tangle Wattle",Endangered,Plantae,Magnoliopsida,0,0,0,0,0,0,0,1,Plants
Acacia whibleyana,"Whibley Wattle, Whibley's Wattle",Endangered,Plantae,Magnoliopsida,0,0,0,0,1,0,0,0,Plants
Acacia wilsonii,Wilson's Wattle,Endangered,Plantae,Magnoliopsida,0,0,0,0,0,0,0,1,Plants
Acacia woodmaniorum,Woodman's Wattle,Endangered,Plantae,Magnoliopsida,0,0,0,0,0,0,0,1,Plants
Acanthiza iredalei rosinae,Slender-billed Thornbill (Gulf St Vincent),Vulnerable,Animalia,Aves,0,0,0,0,1,0,0,0,Birds
Acanthiza lineata whitei,Kangaroo Island Striated Thornbill,Vulnerable,Animalia,Aves,0,0,0,0,1,0,0,0,Birds
Acanthiza pusilla magnirostris,"King Island Brown Thornbill, Brown Thornbill (King Island)",Endangered,Animalia,Aves,0,0,0,0,0,1,0,0,Birds
Acanthocladium dockeri,"Spiny Everlasting, Spiny Daisy",Critically Endangered,Plantae,Magnoliopsida,0,1,0,0,1,0,0,0,Plants
Acanthophis hawkei,Plains Death Adder,Vulnerable,Animalia,Reptilia,0,0,1,1,0,0,0,1,Reptiles
Acanthornis magna greeniana,"King Island Scrubtit, Scrubtit (King Island)",Critically Endangered,Animalia,Aves,0,0,0,0,0,1,0,0,Birds
Accipiter hiogaster natalis,Christmas Island Goshawk,Endangered,Animalia,Aves,0,0,0,0,0,0,0,0,Birds
Achyranthes arborescens,"Chaff Tree, Soft-wood",Critically Endangered,Plantae,Magnoliopsida,0,0,0,0,0,0,0,0,Plants
Achyranthes margaretarum,Phillip Island Chaffy Tree,Critically Endangered,Plantae,Magnoliopsida,0,0,0,0,0,0,0,0,Plants
Acriopsis emarginata,Pale Chandelier Orchid,Vulnerable,Plantae,Liliopsida,0,0,0,1,0,0,0,0,Plants
Acronychia littoralis,Scented Acronychia,Endangered,Plantae,Magnoliopsida,0,1,0,1,0,0,0,0,Plants
Acrophyllum australe,-,Vulnerable,Plantae,Magnoliopsida,0,1,0,0,0,0,0,0,Plants
Actephila foetida,-,Vulnerable,Plantae,Magnoliopsida,0,0,0,1,0,0,0,0,Plants
Actinotus schwarzii,Desert Flannel-flower,Vulnerable,Plantae,Magnoliopsida,0,0,1,0,0,0,0,0,Plants
Adclarkia cameroni,Brigalow Woodland Snail,Endangered,Animalia,Gastropoda,0,0,0,1,0,0,0,0,Invertebrates
Adclarkia dawsonensis,"Boggomoss Snail, Dawson River Snail, Dawson Valley Snail",Critically Endangered,Animalia,Gastropoda,0,0,0,1,0,0,0,0,Invertebrates
Adclarkia dulacca,Dulacca Woodland Snail,Endangered,Animalia,Gastropoda,0,0,0,1,0,0,0,0,Invertebrates
Adenanthos dobagii,Fitzgerald Woollybush,Endangered,Plantae,Magnoliopsida,0,0,0,0,0,0,0,1,Plants
Adenanthos ellipticus,Oval-leaf Adenanthos,Vulnerable,Plantae,Magnoliopsida,0,0,0,0,0,0,0,1,Plants
Adenanthos eyrei,Toolinna Adenanthos,Endangered,Plantae,Magnoliopsida,0,0,0,0,0,0,0,1,Plants
Adenanthos pungens subsp. effusus,Sprawling Spiky Adenanthos,Endangered,Plantae,Magnoliopsida,0,0,0,0,0,0,0,1,Plants
Adenanthos pungens subsp. pungens,Spiky Adenanthos,Vulnerable,Plantae,Magnoliopsida,0,0,0,0,0,0,0,1,Plants
Adenanthos velutinus,Velvet Woollybush,Endangered,Plantae,Magnoliopsida,0,0,0,0,0,0,0,1,Plants
Advena campbellii,Campbell's Keeled Glass-snail,Critically Endangered,Animalia,Gastropoda,0,0,0,0,0,0,0,0,Invertebrates
Aipysurus apraefrontalis,"Short-nosed Sea Snake, Short-nosed Seasnake",Critically Endangered,Animalia,Reptilia,0,0,0,0,0,0,0,1,Reptiles
Aipysurus foliosquama,"Leaf-scaled Sea Snake, Leaf-scaled Seasnake",Critically Endangered,Animalia,Reptilia,0,0,0,0,0,0,0,1,Reptiles
Aipysurus fuscus,Dusky Sea Snake,Endangered,Animalia,Reptilia,0,0,0,0,0,0,0,1,Reptiles
Alectryon ramiflorus,Isis Tamarind,Endangered,Plantae,Magnoliopsida,0,0,0,1,0,0,0,0,Plants
Allocasuarina defungens,Dwarf Heath Casuarina,Endangered,Plantae,Magnoliopsida,0,1,0,0,0,0,0,0,Plants
Allocasuarina emuina,"Emu Mountain Sheoak, Mt Emu She-oak",Endangered,Plantae,Magnoliopsida,0,0,0,1,0,0,0,0,Plants
Allocasuarina fibrosa,Woolly Sheoak,Vulnerable,Plantae,Magnoliopsida,0,0,0,0,0,0,0,1,Plants
Allocasuarina glareicola,-,Endangered,Plantae,Magnoliopsida,0,1,0,0,0,0,0,0,Plants
Allocasuarina portuensis,Nielsen Park She-oak,Endangered,Plantae,Magnoliopsida,0,1,0,0,0,0,0,0,Plants
Allocasuarina robusta,Mount Compass Oak-bush,Endangered,Plantae,Magnoliopsida,0,0,0,0,1,0,0,0,Plants
Allocasuarina simulans,Nabiac Casuarina,Vulnerable,Plantae,Magnoliopsida,0,1,0,0,0,0,0,0,Plants
Allocasuarina thalassoscopica,-,Endangered,Plantae,Magnoliopsida,0,1,0,1,0,0,0,0,Plants
Allocasuarina tortiramula,Twisted Sheoak,Vulnerable,Plantae,Magnoliopsida,0,0,0,0,0,0,0,1,Plants
Alloxylon flammeum,"Red Silky Oak, Queensland Waratah, Tree Waratah",Vulnerable,Plantae,Magnoliopsida,0,0,0,1,0,0,0,0,Plants
Almaleea cambagei,Torrington Pea,Endangered,Plantae,Magnoliopsida,0,1,0,1,0,0,0,0,Plants
Ammobium craspedioides,Yass Daisy,Vulnerable,Plantae,Magnoliopsida,1,1,0,0,0,0,0,0,Plants
Ammoniropa vigens,Ammonite Pinwheel Snail,Critically Endangered,Animalia,Gastropoda,0,0,0,0,0,1,0,0,Invertebrates
Amphibromus fluitans,"River Swamp Wallaby-grass, Floating Swamp Wallaby-grass",Vulnerable,Plantae,Liliopsida,0,1,0,0,1,1,1,0,Plants
Amphiprion mccullochi,"Whitesnout Anemonefish, McCulloch's Anemonefish",Critically Endangered,Animalia,Actinopterygii,0,1,0,0,0,0,0,0,Fish
Amyema plicatula,-,Endangered,Plantae,Magnoliopsida,0,1,0,1,0,0,0,0,Plants
Amytornis barbatus barbatus,"Bulloo Grey Grasswren, Grey Grasswren (Bulloo)",Endangered,Animalia,Aves,0,1,0,1,1,0,0,0,Birds
Amytornis dorotheae,Carpentarian Grasswren,Endangered,Animalia,Aves,0,0,1,1,0,0,0,0,Birds
Amytornis merrotsyi merrotsyi,Short-tailed Grasswren (Flinders Ranges),Vulnerable,Animalia,Aves,0,0,0,0,1,0,0,0,Birds
Amytornis merrotsyi pedleri,"Gawler Ranges Short-tailed Grasswren, Short-tailed Grasswren (Gawler Ranges)",Endangered,Animalia,Aves,0,0,0,0,1,0,0,0,Birds
Amytornis modestus,Thick-billed Grasswren,Vulnerable,Animalia,Aves,0,1,1,0,1,0,0,0,Birds
Amytornis modestus obscurior,"Grey Range Thick-billed Grasswren, Thick-billed Grasswren (north-west NSW)",Critically Endangered,Animalia,Aves,0,1,0,0,0,0,0,0,Birds
Amytornis striatus howei,"Murray Mallee Striated Grasswren, Striated Grasswren (sandplain)",Endangered,Animalia,Aves,0,1,0,0,1,0,1,0,Birds
Amytornis striatus striatus,"Mukarrthippi Grasswren, Striated Grasswren (sandplain)",Critically Endangered,Animalia,Aves,0,1,0,0,0,0,0,0,Birds
Amytornis textilis myall,Western Grasswren (Gawler Ranges),Vulnerable,Animalia,Aves,0,0,0,0,1,0,0,0,Birds
Amytornis woodwardi,"White-throated Grasswren, Yirlinkirrkirr",Vulnerable,Animalia,Aves,0,0,1,0,0,0,0,0,Birds
Andersonia annelsii,-,Critically Endangered,Plantae,Magnoliopsida,0,0,0,0,0,0,0,1,Plants
Andersonia axilliflora,Giant Andersonia,Critically Endangered,Plantae,Magnoliopsida,0,0,0,0,0,0,0,1,Plants
Andersonia gracilis,Slender Andersonia,Endangered,Plantae,Magnoliopsida,0,0,0,0,0,0,0,1,Plants
Andersonia pinaster,Two Peoples Bay Andersonia,Vulnerable,Plantae,Magnoliopsida,0,0,0,0,0,0,0,1,Plants
Androcalva adenothalia,-,Critically Endangered,Plantae,Magnoliopsida,0,0,0,0,0,0,0,1,Plants
Androcalva beeronensis,-,Critically Endangered,Plantae,Magnoliopsida,0,0,0,1,0,0,0,0,Plants
Androcalva bivillosa,Straggling Androcalva,Critically Endangered,Plantae,Magnoliopsida,0,0,0,0,0,0,0,1,Plants
Androcalva inglewoodensis,-,Critically Endangered,Plantae,Magnoliopsida,0,0,0,1,0,0,0,0,Plants
Androcalva perkinsiana,Headland Commersonia,Critically Endangered,Plantae,Magnoliopsida,0,0,0,1,0,0,0,0,Plants
Androcalva perlaria,Pearl-like Androcalva,Endangered,Plantae,Magnoliopsida,0,0,0,0,0,0,0,1,Plants
Androcalva procumbens,-,Vulnerable,Plantae,Magnoliopsida,0,1,0,0,0,0,0,0,Plants
Androcalva rosea,Sandy Hollow Commersonia,Endangered,Plantae,Magnoliopsida,0,1,0,0,0,0,0,0,Plants
Angophora inopina,Charmhaven Apple,Vulnerable,Plantae,Magnoliopsida,0,1,0,0,0,0,0,0,Plants
Angophora robur,Sandstone Rough-barked Apple,Vulnerable,Plantae,Magnoliopsida,0,1,0,0,0,0,0,0,Plants
Anigozanthos bicolor subsp. minor,"Little Kangaroo Paw, Two-coloured Kangaroo Paw, Small Two-colour Kangaroo Paw",Endangered,Plantae,Liliopsida,0,0,0,0,0,0,0,1,Plants
Anigozanthos viridis subsp. terraspectans,Dwarf Green Kangaroo Paw,Vulnerable,Plantae,Liliopsida,0,0,0,0,0,0,0,1,Plants
Anilios insperatus,Fassifern Blind Snake,Critically Endangered,Animalia,Reptilia,0,0,0,1,0,0,0,0,Reptiles
Anomalopus mackayi,"Five-clawed Worm-skink, Long-legged Worm-skink",Vulnerable,Animalia,Reptilia,0,1,0,1,0,0,0,0,Reptiles
Anous tenuirostris melanops,Australian Lesser Noddy,Vulnerable,Animalia,Aves,0,0,0,0,0,0,0,1,Birds
Antechinus argentus,Silver-headed Antechinus,Endangered,Animalia,Mammalia,0,0,0,1,0,0,0,0,Mammals
Antechinus arktos,Black-tailed Antechinus,Endangered,Animalia,Mammalia,0,1,0,1,0,0,0,0,Mammals
Antechinus bellus,Fawn Antechinus,Vulnerable,Animalia,Mammalia,0,0,1,0,0,0,0,0,Mammals
Antechinus minimus maritimus,Swamp Antechinus (mainland),Vulnerable,Animalia,Mammalia,0,0,0,0,1,0,1,0,Mammals
Anthocercis gracilis,Slender Tailflower,Vulnerable,Plantae,Magnoliopsida,0,0,0,0,0,0,0,1,Plants
Anthochaera chrysoptera halmaturina,Kangaroo Island Little Wattlebird,Vulnerable,Animalia,Aves,0,0,0,0,1,0,0,0,Birds
Anthochaera phrygia,Regent Honeyeater,Critically Endangered,Animalia,Aves,1,1,0,1,1,0,1,0,Birds
Anthosachne kingiana subsp. kingiana,Phillip Island Wheat Grass,Critically Endangered,Plantae,Liliopsida,0,1,0,0,0,0,0,0,Plants
Antipodia chaostola leucophaea,"Tasmanian Chaostola Skipper, Heath-sand Skipper",Endangered,Animalia,Insecta,0,0,0,0,0,1,0,0,Invertebrates
Antrophyum austroqueenslandicum,"Border Ranges Lined Fern, Lamington Ox Tongue Fern",Critically Endangered,Plantae,Polypodiatae,0,1,0,1,0,0,0,0,Plants
Apatophyllum olsenii,-,Vulnerable,Plantae,Magnoliopsida,0,0,0,1,0,0,0,0,Plants
Aphelocephala leucopsis,Southern Whiteface,Vulnerable,Animalia,Aves,1,1,1,1,1,0,1,1,Birds
Apium prostratum subsp. Porongurup Range (G.J.Keighery 8631),"Fine-leaved Apium, Porongurup Celery",Vulnerable,Plantae,Magnoliopsida,0,0,0,0,0,0,0,1,Plants
Aponogeton bullosus,-,Endangered,Plantae,Liliopsida,0,0,0,1,0,0,0,0,Plants
Aponogeton prolifer,an aquatic herb,Endangered,Plantae,Liliopsida,0,0,0,1,0,0,0,0,Plants
Aprasia aurita,"Eared Worm-lizard, Mallee Worm-lizard",Endangered,Animalia,Reptilia,0,0,0,0,1,0,1,0,Reptiles
Aprasia parapulchella,"Pink-tailed Worm-lizard, Pink-tailed Legless Lizard",Vulnerable,Animalia,Reptilia,1,1,0,0,0,0,1,0,Reptiles
Aprasia pseudopulchella,Flinders Ranges Worm-lizard,Vulnerable,Animalia,Reptilia,0,0,0,0,1,0,0,0,Reptiles
Aquila audax fleayi,"Tasmanian Wedge-tailed Eagle, Wedge-tailed Eagle (Tasmanian)",Endangered,Animalia,Aves,0,0,0,0,0,1,0,0,Birds
Archidendron lovelliae,"Bacon Wood, Tulip Siris",Vulnerable,Plantae,Magnoliopsida,0,0,0,1,0,0,0,0,Plants
Archontophoenix myolensis,"Myola Palm, Myola Archontophoenix",Endangered,Plantae,Liliopsida,0,0,0,1,0,0,0,0,Plants
Arctocephalus tropicalis,Subantarctic Fur-seal,Endangered,Animalia,Mammalia,0,0,0,0,0,1,0,0,Mammals
Ardenna grisea,Sooty Shearwater,Vulnerable,Animalia,Aves,0,1,0,1,1,1,1,1,Birds
Arenaria interpres,Ruddy Turnstone,Vulnerable,Animalia,Aves,0,1,1,1,1,1,1,1,Birds
Argynnis hyperbius inconstans,Australian Fritillary,Critically Endangered,Animalia,Insecta,0,1,0,1,0,0,0,0,Invertebrates
Argyrotegium nitidulum,Shining Cudweed,Vulnerable,Plantae,Magnoliopsida,0,1,0,0,0,1,1,0,Plants
Aristida annua,-,Vulnerable,Plantae,Liliopsida,0,0,0,1,0,0,0,0,Plants
Aristida granitica,-,Endangered,Plantae,Liliopsida,0,0,0,1,0,0,0,0,Plants
Aristida thompsonii,Thompson's wiregrass,Endangered,Plantae,Liliopsida,0,0,0,1,0,0,0,0,Plants
Arthraxon hispidus,Hairy-joint Grass,Vulnerable,Plantae,Liliopsida,0,1,0,1,0,0,0,0,Plants
Asperula asthenes,Trailing Woodruff,Vulnerable,Plantae,Magnoliopsida,0,1,0,0,0,0,0,0,Plants
Asperula tetraphylla,Kangaroo Island Woodruff,Vulnerable,Plantae,Magnoliopsida,0,0,0,0,1,0,0,0,Plants
Asplenium hookerianum,Maidenhair Spleenwort,Vulnerable,Plantae,Polypodiatae,0,0,0,0,0,1,1,0,Plants
Asplenium listeri,Christmas Island Spleenwort,Critically Endangered,Plantae,Polypodiatae,0,0,0,0,0,0,0,0,Plants
Asplenium pellucidum,-,Vulnerable,Plantae,Polypodiatae,0,0,0,1,0,0,0,0,Plants
Asplenium wildii,-,Vulnerable,Plantae,Polypodiatae,0,0,0,1,0,0,0,0,Plants
Assa darlingtoni,Pouched Frog,Vulnerable,Animalia,Amphibia,0,1,0,1,0,0,0,0,Frogs
Assa wollumbin,"Mount Wollumbin Hip-pocket Frog, Wollumbin Pouched Frog",Critically Endangered,Animalia,Amphibia,0,1,0,0,0,0,0,0,Frogs
Astacopsis gouldi,"Giant Freshwater Crayfish, Tasmanian Giant Freshwater Lobster",Vulnerable,Animalia,Malacostraca,0,0,0,0,0,1,0,0,Invertebrates
Astelia australiana,Tall Astelia,Vulnerable,Plantae,Liliopsida,0,0,0,0,0,0,1,0,Plants
Asterolasia asteriscophora subsp. albiflora,White Star-bush,Critically Endangered,Plantae,Magnoliopsida,0,0,0,0,0,0,1,0,Plants
Asterolasia beckersii,Dungowan Starbush,Critically Endangered,Plantae,Magnoliopsida,0,1,0,0,0,0,0,0,Plants
Asterolasia buxifolia,-,Critically Endangered,Plantae,Magnoliopsida,0,1,0,0,0,0,0,0,Plants
Asterolasia elegans,-,Endangered,Plantae,Magnoliopsida,0,1,0,0,0,0,0,0,Plants
Asterolasia nivea,Bindoon Starbush,Vulnerable,Plantae,Magnoliopsida,0,0,0,0,0,0,0,1,Plants
Asterolasia phebalioides,Downy Star-bush,Vulnerable,Plantae,Magnoliopsida,0,0,0,0,1,0,1,0,Plants
Astrotricha crassifolia,Thick-leaf Star-hair,Vulnerable,Plantae,Magnoliopsida,0,1,0,0,0,0,0,0,Plants
Astrotricha roddii,-,Endangered,Plantae,Magnoliopsida,0,1,0,1,0,0,0,0,Plants
Astrotricha sp. Howe Range (D.E.Albrecht 1054),Long-leaf Star-hair,Critically Endangered,Plantae,Magnoliopsida,0,1,0,0,0,0,1,0,Plants
Astrotricha sp. Wingan Inlet (J.A.Jeanes 2268),Wingan Star-hair,Endangered,Plantae,Magnoliopsida,0,0,0,0,0,0,1,0,Plants
Atalaya brevialata,-,Critically Endangered,Plantae,Magnoliopsida,0,0,1,0,0,0,0,0,Plants
Atalaya collina,Yarwun Whitewood,Endangered,Plantae,Magnoliopsida,0,0,0,1,0,0,0,0,Plants
Atrichornis clamosus,"Noisy Scrub-bird, Tjimiluk",Endangered,Animalia,Aves,0,0,0,0,0,0,0,1,Birds
Atrichornis rufescens,Rufous Scrub-bird,Endangered,Animalia,Aves,0,1,0,1,0,0,0,0,Birds
Atriplex infrequens,-,Vulnerable,Plantae,Magnoliopsida,0,1,0,0,0,0,0,0,Plants
Atriplex yeelirrie,-,Endangered,Plantae,Magnoliopsida,0,0,0,0,0,0,0,1,Plants
Austroablepharus barrylyoni,"Lyon's Grassland Striped Skink, Lyon's Snake-eyed Skink",Critically Endangered,Animalia,Reptilia,0,0,0,1,0,0,0,0,Reptiles
Austrocordulia leonardi,Sydney Hawk Dragonfly,Endangered,Animalia,Insecta,0,1,0,0,0,0,0,0,Invertebrates
Austrostipa bronwenae,-,Endangered,Plantae,Liliopsida,0,0,0,0,0,0,0,1,Plants
Austrostipa jacobsiana,-,Critically Endangered,Plantae,Liliopsida,0,0,0,0,0,0,0,1,Plants
Austrostipa metatoris,-,Vulnerable,Plantae,Liliopsida,0,1,0,0,1,0,1,0,Plants
Austrostipa wakoolica,-,Endangered,Plantae,Liliopsida,0,1,0,0,0,0,1,0,Plants
Azorella macquariensis,"Macquarie Azorella, Macquarie Cushions",Critically Endangered,Plantae,Magnoliopsida,0,0,0,0,0,1,0,0,Plants
Backhousia tetraptera,-,Critically Endangered,Plantae,Magnoliopsida,0,0,0,1,0,0,0,0,Plants
Baeckea kandos,a shrub,Endangered,Plantae,Magnoliopsida,0,1,0,0,0,0,0,0,Plants
Balaenoptera borealis,Sei Whale,Vulnerable,Animalia,Mammalia,0,1,0,1,1,1,1,1,Mammals
Balaenoptera musculus,Blue Whale,Endangered,Animalia,Mammalia,0,1,1,1,1,1,1,1,Mammals
Balaenoptera physalus,Fin Whale,Vulnerable,Animalia,Mammalia,0,1,0,1,1,1,1,1,Mammals
Ballantinia antipoda,Southern Shepherd's Purse,Endangered,Plantae,Magnoliopsida,0,0,0,0,0,1,1,0,Plants
Baloghia marmorata,"Marbled Balogia, Jointed Baloghia",Vulnerable,Plantae,Magnoliopsida,0,1,0,1,0,0,0,0,Plants
Baloskion longipes,Dense Cord-rush,Vulnerable,Plantae,Liliopsida,0,1,0,0,0,0,0,0,Plants
Banksia anatona,Cactus Dryandra,Critically Endangered,Plantae,Magnoliopsida,0,0,0,0,0,0,0,1,Plants
Banksia aurantia,Orange Dryandra,Critically Endangered,Plantae,Magnoliopsida,0,0,0,0,0,0,0,1,Plants
Banksia brownii,"Brown's Banksia, Feather-leaved Banksia",Critically Endangered,Plantae,Magnoliopsida,0,0,0,0,0,0,0,1,Plants
Banksia catoglypta,-,Vulnerable,Plantae,Magnoliopsida,0,0,0,0,0,0,0,1,Plants
Banksia cuneata,"Matchstick Banksia, Quairading Banksia",Endangered,Plantae,Magnoliopsida,0,0,0,0,0,0,0,1,Plants
Banksia fuscobractea,Dark-bract Banksia,Critically Endangered,Plantae,Magnoliopsida,0,0,0,0,0,0,0,1,Plants
Banksia goodii,Good's Banksia,Vulnerable,Plantae,Magnoliopsida,0,0,0,0,0,0,0,1,Plants
Banksia ionthocarpa,Kamballup Dryandra,Endangered,Plantae,Magnoliopsida,0,0,0,0,0,0,0,1,Plants
Banksia mimica,Summer Honeypot,Endangered,Plantae,Magnoliopsida,0,0,0,0,0,0,0,1,Plants
Banksia montana,Stirling Range Dryandra,Critically Endangered,Plantae,Magnoliopsida,0,0,0,0,0,0,0,1,Plants
Banksia nivea subsp. uliginosa,Swamp Honeypot,Endangered,Plantae,Magnoliopsida,0,0,0,0,0,0,0,1,Plants
Banksia oligantha,Wagin Banksia,Endangered,Plantae,Magnoliopsida,0,0,0,0,0,0,0,1,Plants
Banksia paludosa subsp. astrolux,a banksia,Critically Endangered,Plantae,Magnoliopsida,0,1,0,0,0,0,0,0,Plants
Banksia penicillata,a banksia,Endangered,Plantae,Magnoliopsida,0,1,0,0,0,0,0,0,Plants
Banksia pseudoplumosa,False Plumed-Banksia,Endangered,Plantae,Magnoliopsida,0,0,0,0,0,0,0,1,Plants
Banksia rufa subsp. pumila,-,Endangered,Plantae,Magnoliopsida,0,0,0,0,0,0,0,1,Plants
Banksia serratuloides subsp. perissa,Northern Serrate Dryandra,Critically Endangered,Plantae,Magnoliopsida,0,0,0,0,0,0,0,1,Plants
Banksia serratuloides subsp. serratuloides,Southern Serrate Dryandra,Vulnerable,Plantae,Magnoliopsida,0,0,0,0,0,0,0,1,Plants
Banksia sphaerocarpa var. dolichostyla,"Ironcaps Banksia, Ironcap Banksia",Vulnerable,Plantae,Magnoliopsida,0,0,0,0,0,0,0,1,Plants
Banksia squarrosa subsp. argillacea,Whicher Range Dryandra,Vulnerable,Plantae,Magnoliopsida,0,0,0,0,0,0,0,1,Plants
Banksia verticillata,"Granite Banksia, Albany Banksia, River Banksia",Vulnerable,Plantae,Magnoliopsida,0,0,0,0,0,0,0,1,Plants
Banksia vincentia,-,Critically Endangered,Plantae,Magnoliopsida,0,1,0,0,0,0,0,0,Plants
Barbarea australis,"Native Wintercress, Riverbed Wintercress",Endangered,Plantae,Magnoliopsida,0,0,0,0,0,1,0,0,Plants
Bellatorias obiri,Arnhem Land Egernia,Endangered,Animalia,Reptilia,0,0,1,0,0,0,0,0,Reptiles
Bertmainius colonus,Eastern Stirling Range Pygmy Trapdoor Spider,Vulnerable,Animalia,Arachnida,0,0,0,0,0,0,0,1,Invertebrates
Bertmainius tingle,Tingle Pygmy Trapdoor Spider,Endangered,Animalia,Arachnida,0,0,0,0,0,0,0,1,Invertebrates
Bertya calycina,a shrub,Vulnerable,Plantae,Magnoliopsida,0,0,0,1,0,0,0,0,Plants
Bertya ernestiana,Mt Ernest Bertya,Vulnerable,Plantae,Magnoliopsida,0,0,0,1,0,0,0,0,Plants
Bertya granitica,a shrub,Endangered,Plantae,Magnoliopsida,0,0,0,1,0,0,0,0,Plants
Bertya ingramii,a shrub,Endangered,Plantae,Magnoliopsida,0,1,0,0,0,0,0,0,Plants
Bertya mollissima,-,Endangered,Plantae,Magnoliopsida,0,1,0,0,0,0,0,0,Plants
Bertya opponens,-,Vulnerable,Plantae,Magnoliopsida,0,1,0,1,0,0,0,0,Plants
Bertya pinifolia,a shrub,Vulnerable,Plantae,Magnoliopsida,0,1,0,1,0,0,0,0,Plants
Bertya sp. Clouds Creek (M.Fatemi 4),-,Endangered,Plantae,Magnoliopsida,0,1,0,0,0,0,0,0,Plants
Bertya tasmanica subsp. tasmanica,Tasmanian Bertya,Endangered,Plantae,Magnoliopsida,0,0,0,0,0,1,0,0,Plants
Bettongia lesueur Barrow and Boodie Islands subspecies,"Boodie, Burrowing Bettong (Barrow and Boodie Islands)",Vulnerable,Animalia,Mammalia,0,0,0,0,0,0,0,1,Mammals
Bettongia lesueur lesueur,"Burrowing Bettong (Shark Bay), Boodie",Vulnerable,Animalia,Mammalia,0,1,0,0,1,0,0,1,Mammals
Bettongia penicillata ogilbyi,Woylie,Endangered,Animalia,Mammalia,0,1,0,0,1,0,0,1,Mammals
Bettongia tropica,Northern Bettong,Endangered,Animalia,Mammalia,0,1,0,1,0,0,0,0,Mammals
Beyeria lepidopetala,"Small-petalled Beyeria, Short-petalled Beyeria",Endangered,Plantae,Magnoliopsida,0,0,0,0,0,0,0,1,Plants
Beyeria subtecta,Kangaroo Island Turpentine Bush,Vulnerable,Plantae,Magnoliopsida,0,0,0,0,1,0,0,0,Plants
Bidyanus bidyanus,"Silver Perch, Bidyan",Endangered,Animalia,Actinopterygii,1,1,0,1,1,0,1,0,Fish
Blechnum norfolkianum,Norfolk Island Water-fern,Endangered,Plantae,Polypodiatae,0,0,0,0,0,0,0,0,Plants
Boehmeria australis subsp. australis,"Tree Nettle, Nettletree",Critically Endangered,Plantae,Magnoliopsida,0,0,0,0,0,0,0,0,Plants
Boronia adamsiana,Barbalin Boronia,Vulnerable,Plantae,Magnoliopsida,0,0,0,0,0,0,0,1,Plants
Boronia boliviensis,-,Critically Endangered,Plantae,Magnoliopsida,0,1,0,0,0,0,0,0,Plants
Boronia capitata subsp. capitata,a shrub,Endangered,Plantae,Magnoliopsida,0,0,0,0,0,0,0,1,Plants
Boronia clavata,Bremer Boronia,Endangered,Plantae,Magnoliopsida,0,0,0,0,0,0,0,1,Plants
Boronia deanei subsp. acutifolia,-,Endangered,Plantae,Magnoliopsida,0,1,0,0,0,0,0,0,Plants
Boronia deanei subsp. deanei,-,Endangered,Plantae,Magnoliopsida,0,1,0,0,0,0,0,0,Plants
Boronia exilis,Scott River Boronia,Endangered,Plantae,Magnoliopsida,0,0,0,0,0,0,0,1,Plants
Boronia galbraithiae,"Aniseed Boronia, Galbraith's Boronia",Vulnerable,Plantae,Magnoliopsida,0,0,0,0,0,0,1,0,Plants
Boronia granitica,Granite Boronia,Endangered,Plantae,Magnoliopsida,0,1,0,1,0,0,0,0,Plants
Boronia grimshawii,Grimshaw's boronia,Critically Endangered,Plantae,Magnoliopsida,0,0,0,1,0,0,0,0,Plants
Boronia gunnii,"Gunn's Boronia, Cataract Gorge Boronia",Vulnerable,Plantae,Magnoliopsida,0,0,0,0,0,1,0,0,Plants
Boronia hemichiton,Mt Arthur Boronia,Vulnerable,Plantae,Magnoliopsida,0,0,0,0,0,1,0,0,Plants
Boronia hippopala,Velvet Boronia,Vulnerable,Plantae,Magnoliopsida,0,0,0,0,0,1,0,0,Plants
Boronia imlayensis,-,Critically Endangered,Plantae,Magnoliopsida,0,1,0,0,0,0,0,0,Plants
Boronia inflexa subsp. torringtonensis,-,Critically Endangered,Plantae,Magnoliopsida,0,1,0,0,0,0,0,0,Plants
Boronia keysii,Key's Boronia,Vulnerable,Plantae,Magnoliopsida,0,0,0,1,0,0,0,0,Plants
Boronia quadrilata,a shrub,Vulnerable,Plantae,Magnoliopsida,0,0,1,0,0,0,0,0,Plants
Boronia repanda,"Repand Boronia, Border Boronia",Endangered,Plantae,Magnoliopsida,0,1,0,1,0,0,0,0,Plants
Boronia revoluta,Ironcap Boronia,Endangered,Plantae,Magnoliopsida,0,0,0,0,0,0,0,1,Plants
Boronia subulifolia,Awl-leaved Boronia,Endangered,Plantae,Magnoliopsida,0,1,0,0,0,0,0,0,Plants
Boronia umbellata,Orara Boronia,Vulnerable,Plantae,Magnoliopsida,0,1,0,0,0,0,0,0,Plants
Boronia viridiflora,a shrub,Vulnerable,Plantae,Magnoliopsida,0,0,1,0,0,0,0,0,Plants
Borya mirabilis,Grampians Pincushion-lily,Endangered,Plantae,Liliopsida,0,0,0,0,0,0,1,0,Plants
Bosistoa transversa,"Three-leaved Bosistoa, Yellow Satinheart",Vulnerable,Plantae,Magnoliopsida,0,1,0,1,0,0,0,0,Plants
Bossiaea fragrans,-,Critically Endangered,Plantae,Magnoliopsida,0,1,0,0,0,0,0,0,Plants
Bossiaea oligosperma,-,Vulnerable,Plantae,Magnoliopsida,0,1,0,0,0,0,0,0,Plants
Bossiaea peninsularis,Sword Bossiaea,Endangered,Plantae,Magnoliopsida,0,0,0,0,1,0,0,0,Plants
Bossiaea sp. Frankland (E.M.Sandiford EMS 896),-,Endangered,Plantae,Magnoliopsida,0,0,0,0,0,0,0,1,Plants
Botaurus poiciloptilus,Australasian Bittern,Endangered,Animalia,Aves,1,1,0,1,1,1,1,1,Birds
Bothriochloa bunyensis,Satin-top Grass,Vulnerable,Plantae,Liliopsida,0,0,0,1,0,0,0,0,Plants
Brachionichthys hirsutus,Spotted Handfish,Critically Endangered,Animalia,Actinopterygii,0,0,0,0,0,1,0,0,Fish
Brachiopsilus ziebelli,"Ziebell's Handfish, Waterfall Bay Handfish",Vulnerable,Animalia,Actinopterygii,0,0,0,0,0,1,0,0,Fish
Brachychiton guymeri,Blackwall Range Kurrajong,Critically Endangered,Plantae,Magnoliopsida,0,0,0,1,0,0,0,0,Plants
Brachychiton sp. Ormeau (L.H.Bird AQ435851),Ormeau Bottle Tree,Critically Endangered,Plantae,Magnoliopsida,0,0,0,1,0,0,0,0,Plants
Brachyscias verecundus,Ironstone Brachyscias,Critically Endangered,Plantae,Magnoliopsida,0,0,0,0,0,0,0,1,Plants
Brachyscome brownii,-,Critically Endangered,Plantae,Magnoliopsida,0,1,0,0,0,0,0,0,Plants
Brachyscome muelleri,Corunna Daisy,Endangered,Plantae,Magnoliopsida,0,0,0,0,1,0,0,0,Plants
Brachyscome muelleroides,Mueller Daisy,Vulnerable,Plantae,Magnoliopsida,0,1,0,0,0,0,1,0,Plants
Brachyscome papillosa,Mossgiel Daisy,Vulnerable,Plantae,Magnoliopsida,0,1,0,0,0,0,0,0,Plants
Breynia macrantha,-,Vulnerable,Plantae,Magnoliopsida,0,0,0,1,0,0,0,0,Plants
Bruguiera x hainesii,Haines's Orange Mangrove,Critically Endangered,Plantae,Magnoliopsida,0,0,0,1,0,0,0,0,Plants
Budawangia gnidioides,Budawangs Cliff-heath,Vulnerable,Plantae,Magnoliopsida,0,1,0,0,0,0,0,0,Plants
Bulbophyllum globuliforme,"Miniature Moss-orchid, Hoop Pine Orchid",Vulnerable,Plantae,Liliopsida,0,1,0,1,0,0,0,0,Plants
Bulbophyllum gracillimum,Wispy Umbrella Orchid,Vulnerable,Plantae,Liliopsida,0,0,0,1,0,0,0,0,Plants
Bulbophyllum longiflorum,Pale Umbrella Orchid,Vulnerable,Plantae,Liliopsida,0,0,0,1,0,0,0,0,Plants
Burmannia sp. Bathurst Island (R.Fensham 1021),-,Endangered,Plantae,Liliopsida,0,0,1,0,0,0,0,0,Plants
Burramys parvus,Mountain Pygmy-possum,Endangered,Animalia,Mammalia,0,1,0,0,0,0,1,0,Mammals
Cadellia pentastylis,Ooline,Vulnerable,Plantae,Magnoliopsida,0,1,0,1,0,0,0,0,Plants
Cairnsichthys bitaeniatus,Daintree Rainbowfish,Critically Endangered,Animalia,Actinopterygii,0,0,0,1,0,0,0,0,Fish
Cairnsichthys rhombosomoides,"Cairns Rainbowfish, Northern Soft-spined Sunfish",Endangered,Animalia,Actinopterygii,0,0,0,1,0,0,0,0,Fish
Caladenia actensis,Canberra Spider Orchid,Critically Endangered,Plantae,Liliopsida,1,0,0,0,0,0,0,0,Plants
Caladenia amnicola,-,Endangered,Plantae,Liliopsida,0,1,0,0,0,0,0,0,Plants
Caladenia amoena,Charming Spider-orchid,Endangered,Plantae,Liliopsida,0,0,0,0,0,0,1,0,Plants
Caladenia ancylosa,"Genoa Spider-orchid, Gippsland Spider Orchid",Critically Endangered,Plantae,Liliopsida,0,1,0,0,0,0,1,0,Plants
Caladenia anthracina,Black-tipped Spider-orchid,Critically Endangered,Plantae,Liliopsida,0,0,0,0,0,1,0,0,Plants
Caladenia arenaria,Sand-hill Spider-orchid,Endangered,Plantae,Liliopsida,0,1,0,0,0,0,0,0,Plants
Caladenia argocalla,White-beauty Spider-orchid,Endangered,Plantae,Liliopsida,0,0,0,0,1,0,0,0,Plants
Caladenia atroclavia,Black-clubbed Spider-orchid,Endangered,Plantae,Liliopsida,0,1,0,1,0,0,0,0,Plants
Caladenia attenuata,Duramana Fingers,Critically Endangered,Plantae,Liliopsida,0,1,0,0,0,0,0,0,Plants
Caladenia audasii,"McIvor Spider-orchid, Audas' Spider-orchid",Endangered,Plantae,Liliopsida,0,0,0,0,0,0,1,0,Plants
Caladenia barbarella,"Small Dragon Orchid, Common Dragon Orchid",Endangered,Plantae,Liliopsida,0,0,0,0,0,0,0,1,Plants
Caladenia behrii,Pink-lipped Spider-orchid,Endangered,Plantae,Liliopsida,0,0,0,0,1,0,0,0,Plants
Caladenia brumalis,Winter Spider-orchid,Vulnerable,Plantae,Liliopsida,0,0,0,0,1,0,0,0,Plants
Caladenia bryceana subsp. bryceana,Dwarf Spider-orchid,Endangered,Plantae,Liliopsida,0,0,0,0,0,0,0,1,Plants
Caladenia bryceana subsp. cracens,Northern Dwarf Spider-orchid,Vulnerable,Plantae,Liliopsida,0,0,0,0,0,0,0,1,Plants
Caladenia busselliana,Bussell's Spider-orchid,Endangered,Plantae,Liliopsida,0,0,0,0,0,0,0,1,Plants
Caladenia caesarea subsp. maritima,Cape Spider-orchid,Endangered,Plantae,Liliopsida,0,0,0,0,0,0,0,1,Plants
Caladenia calcicola,Limestone Spider-orchid,Vulnerable,Plantae,Liliopsida,0,0,0,0,1,0,1,0,Plants
Caladenia campbellii,"Thick-stem Caladenia, Thick-stem Fairy Fingers",Critically Endangered,Plantae,Liliopsida,0,0,0,0,0,1,0,0,Plants
Caladenia caudata,Tailed Spider-orchid,Vulnerable,Plantae,Liliopsida,0,0,0,0,0,1,0,0,Plants
Caladenia christineae,Christine's Spider Orchid,Vulnerable,Plantae,Liliopsida,0,0,0,0,0,0,0,1,Plants
Caladenia colorata,"Coloured Spider-orchid, Small Western Spider-orchid, Painted Spider-orchid",Endangered,Plantae,Liliopsida,0,0,0,0,1,0,1,0,Plants
Caladenia concolor,"Crimson Spider-orchid, Maroon Spider-orchid",Vulnerable,Plantae,Liliopsida,0,1,0,0,1,0,1,0,Plants
Caladenia conferta,Coast Spider-orchid,Endangered,Plantae,Liliopsida,0,0,0,0,1,0,0,0,Plants
Caladenia cremna,"Don's Spider Orchid, Beady Spider Orchid",Critically Endangered,Plantae,Liliopsida,0,0,0,0,0,0,1,0,Plants
Caladenia dienema,Windswept Spider-orchid,Endangered,Plantae,Liliopsida,0,0,0,0,0,1,0,0,Plants
Caladenia dorrienii,Cossack Spider-orchid,Endangered,Plantae,Liliopsida,0,0,0,0,0,0,0,1,Plants
Caladenia drakeoides,Hinged Dragon Orchid,Endangered,Plantae,Liliopsida,0,0,0,0,0,0,0,1,Plants
Caladenia elegans,Elegant Spider-orchid,Endangered,Plantae,Liliopsida,0,0,0,0,0,0,0,1,Plants
Caladenia excelsa,Giant Spider-orchid,Endangered,Plantae,Liliopsida,0,0,0,0,0,0,0,1,Plants
Caladenia formosa,"Elegant Spider-orchid, Blood-red Spider-orchid",Vulnerable,Plantae,Liliopsida,0,0,0,0,1,0,1,0,Plants
Caladenia fulva,Tawny Spider-orchid,Endangered,Plantae,Liliopsida,0,0,0,0,1,0,1,0,Plants
Caladenia gladiolata,"Bayonet Spider-orchid, Clubbed Spider-orchid",Endangered,Plantae,Liliopsida,0,0,0,0,1,0,0,0,Plants
Caladenia graniticola,"Pingaring Spider-orchid, Granite Spider-orchid",Endangered,Plantae,Liliopsida,0,0,0,0,0,0,0,1,Plants
Caladenia granitora,-,Endangered,Plantae,Liliopsida,0,0,0,0,0,0,0,1,Plants
Caladenia harringtoniae,"Harrington's Spider-orchid, Pink Spider-orchid",Vulnerable,Plantae,Liliopsida,0,0,0,0,0,0,0,1,Plants
Caladenia hastata,Melblom's Spider-orchid,Endangered,Plantae,Liliopsida,0,0,0,0,0,0,1,0,Plants
Caladenia hoffmanii,Hoffman's Spider-orchid,Endangered,Plantae,Liliopsida,0,0,0,0,0,0,0,1,Plants
Caladenia hopperiana,"Quindanning Spider Orchid, Boddington Spider Orchid",Endangered,Plantae,Liliopsida,0,0,0,0,0,0,0,1,Plants
Caladenia huegelii,"King Spider-orchid, Grand Spider-orchid, Rusty Spider-orchid",Endangered,Plantae,Liliopsida,0,0,0,0,0,0,0,1,Plants
Caladenia insularis,French Island Spider-orchid,Vulnerable,Plantae,Liliopsida,0,0,0,0,0,0,1,0,Plants
Caladenia intuta,Ghost Spider-orchid,Critically Endangered,Plantae,Liliopsida,0,0,0,0,1,0,0,0,Plants
Caladenia leucochila,Collie Spider Orchid,Endangered,Plantae,Liliopsida,0,0,0,0,0,0,0,1,Plants
Caladenia lindleyana,Lindley's Spider-orchid,Critically Endangered,Plantae,Liliopsida,0,0,0,0,0,1,0,0,Plants
Caladenia lodgeana,Lodge's Spider-orchid,Critically Endangered,Plantae,Liliopsida,0,0,0,0,0,0,0,1,Plants
Caladenia lowanensis,Wimmera Spider-orchid,Endangered,Plantae,Liliopsida,0,0,0,0,1,0,1,0,Plants
Caladenia luteola,Lemon Spider Orchid,Critically Endangered,Plantae,Liliopsida,0,0,0,0,0,0,0,1,Plants
Caladenia macroclavia,Large-club Spider-orchid,Endangered,Plantae,Liliopsida,0,0,0,0,1,0,0,0,Plants
Caladenia melanema,"Ballerina Orchid, Ballerina Spider Orchid",Critically Endangered,Plantae,Liliopsida,0,0,0,0,0,0,0,1,Plants
Caladenia orientalis,Eastern Spider Orchid,Endangered,Plantae,Liliopsida,0,0,0,0,0,0,1,0,Plants
Caladenia ornata,Ornate Pink Fingers,Vulnerable,Plantae,Liliopsida,0,0,0,0,1,0,1,0,Plants
Caladenia ovata,Kangaroo Island Spider-orchid,Endangered,Plantae,Liliopsida,0,0,0,0,1,0,0,0,Plants
Caladenia pallida,"Rosy Spider Orchid, Pale Spider-orchid, Summer Spider-orchid",Critically Endangered,Plantae,Liliopsida,0,0,0,0,0,1,0,0,Plants
Caladenia procera,Carbunup King Spider Orchid,Critically Endangered,Plantae,Liliopsida,0,0,0,0,0,0,0,1,Plants
Caladenia pumila,Dwarf Spider-orchid,Critically Endangered,Plantae,Liliopsida,0,0,0,0,0,0,1,0,Plants
Caladenia richardsiorum,Little Dip Spider-orchid,Endangered,Plantae,Liliopsida,0,0,0,0,1,0,0,0,Plants
Caladenia rigida,Stiff White Spider-orchid,Endangered,Plantae,Liliopsida,0,0,0,0,1,0,0,0,Plants
Caladenia robinsonii,Frankston Spider-orchid,Endangered,Plantae,Liliopsida,0,0,0,0,0,0,1,0,Plants
Caladenia rosella,"Rosella Spider-orchid, Little Pink Spider-orchid",Endangered,Plantae,Liliopsida,0,1,0,0,0,0,1,0,Plants
Caladenia saggicola,Sagg Spider-orchid,Critically Endangered,Plantae,Liliopsida,0,0,0,0,0,1,0,0,Plants
Caladenia sp. Kilsyth South (G.S.Lorimer 1253),Kilsyth South Spider-orchid,Critically Endangered,Plantae,Liliopsida,0,0,0,0,0,0,1,0,Plants
Caladenia sylvicola,Forest Fingers,Critically Endangered,Plantae,Liliopsida,0,0,0,0,0,1,0,0,Plants
Caladenia tensa,"Greencomb Spider-orchid, Rigid Spider-orchid",Endangered,Plantae,Liliopsida,0,1,0,0,1,0,1,0,Plants
Caladenia tessellata,"Thick-lipped Spider-orchid, Daddy Long-legs",Vulnerable,Plantae,Liliopsida,0,1,0,0,0,0,1,0,Plants
Caladenia thysanochila,Fringed Spider-orchid,Endangered,Plantae,Liliopsida,0,0,0,0,0,0,1,0,Plants
Caladenia tonellii,Robust Fingers,Critically Endangered,Plantae,Liliopsida,0,0,0,0,0,1,0,0,Plants
Caladenia versicolor,Candy Spider-orchid,Vulnerable,Plantae,Liliopsida,0,0,0,0,1,0,1,0,Plants
Caladenia viridescens,Dunsborough Spider-orchid,Endangered,Plantae,Liliopsida,0,0,0,0,0,0,0,1,Plants
Caladenia wanosa,Kalbarri Spider-orchid,Vulnerable,Plantae,Liliopsida,0,0,0,0,0,0,0,1,Plants
Caladenia williamsiae,Williams Spider Orchid,Endangered,Plantae,Liliopsida,0,0,0,0,0,0,0,1,Plants
Caladenia winfieldii,Majestic Spider-orchid,Endangered,Plantae,Liliopsida,0,0,0,0,0,0,0,1,Plants
Caladenia woolcockiorum,Woolcock's Spider-orchid,Vulnerable,Plantae,Liliopsida,0,0,0,0,1,0,0,0,Plants
Caladenia xanthochila,Yellow-lip Spider-orchid,Endangered,Plantae,Liliopsida,0,1,0,0,1,0,1,0,Plants
Caladenia xantholeuca,"White Rabbits, Flinders Ranges White Caladenia",Endangered,Plantae,Liliopsida,0,0,0,0,1,0,0,0,Plants
Calamanthus pyrrhopygius parkeri,Chestnut-rumped Heathwren (Mt Lofty Ranges),Endangered,Animalia,Aves,0,0,0,0,1,0,0,0,Birds
Calectasia cyanea,Blue Tinsel Lily,Critically Endangered,Plantae,Liliopsida,0,0,0,0,0,0,0,1,Plants
Calectasia elegans,Elegant Tinsel Lily,Critically Endangered,Plantae,Liliopsida,0,0,0,0,0,0,0,1,Plants
Calectasia pignattiana,Stilted Tinsel Lily,Vulnerable,Plantae,Liliopsida,0,0,0,0,0,0,0,1,Plants
Calidris acuminata,Sharp-tailed Sandpiper,Vulnerable,Animalia,Aves,1,1,1,1,1,1,1,1,Birds
Calidris canutus,"Red Knot, Knot",Vulnerable,Animalia,Aves,0,1,1,1,1,1,1,1,Birds
Calidris ferruginea,Curlew Sandpiper,Critically Endangered,Animalia,Aves,1,1,1,1,1,1,1,1,Birds
Calidris tenuirostris,Great Knot,Vulnerable,Animalia,Aves,0,1,1,1,1,1,1,1,Birds
Callistemon forresterae,Forrester's Bottlebrush,Vulnerable,Plantae,Magnoliopsida,0,1,0,0,0,0,1,0,Plants
Callistemon kenmorrisonii,Betka Bottlebrush,Vulnerable,Plantae,Magnoliopsida,0,0,0,0,0,0,1,0,Plants
Callistemon megalongensis,Megalong Valley Bottlebrush,Critically Endangered,Plantae,Magnoliopsida,0,1,0,0,0,0,0,0,Plants
Callistemon pungens,-,Vulnerable,Plantae,Magnoliopsida,0,1,0,1,0,0,0,0,Plants
Callistemon purpurascens,a bottlebrush,Critically Endangered,Plantae,Magnoliopsida,0,1,0,0,0,0,0,0,Plants
Callistemon wimmerensis,Wimmera Bottlebrush,Critically Endangered,Plantae,Magnoliopsida,0,0,0,0,0,0,1,0,Plants
Callitris oblonga subsp. corangensis,Corang Pine,Critically Endangered,Plantae,Pinatae,0,1,0,0,0,0,0,0,Plants
Callitris oblonga subsp. oblonga,South Esk Pine,Endangered,Plantae,Pinatae,0,0,0,0,0,1,0,0,Plants
Callitris oblonga subsp. parva,-,Critically Endangered,Plantae,Pinatae,0,1,0,0,0,0,0,0,Plants
Callocephalon fimbriatum,Gang-gang Cockatoo,Endangered,Animalia,Aves,1,1,0,0,1,0,1,0,Birds
Calochilus cupreus,Copper Beard Orchid,Critically Endangered,Plantae,Liliopsida,0,0,0,0,1,0,0,0,Plants
Calochilus psednus,Cardwell Beard Orchid,Endangered,Plantae,Liliopsida,0,0,0,1,0,0,0,0,Plants
Calochilus pulchellus,"Pretty Beard Orchid, Pretty Beard-orchid",Endangered,Plantae,Liliopsida,0,1,0,0,0,0,1,0,Plants
Calochilus richiae,Bald-tip Beard-orchid,Endangered,Plantae,Liliopsida,0,0,0,0,0,0,1,0,Plants
Calophyllum bicolor,-,Vulnerable,Plantae,Magnoliopsida,0,0,0,1,0,0,0,0,Plants
Calotis glandulosa,Mauve Burr-daisy,Vulnerable,Plantae,Magnoliopsida,1,1,0,0,0,0,0,0,Plants
Calotis moorei,Moore's Burr-daisy,Endangered,Plantae,Magnoliopsida,0,1,0,0,0,0,0,0,Plants
Calyptorhynchus banksii graptogyne,South-eastern Red-tailed Black-Cockatoo,Endangered,Animalia,Aves,0,0,0,0,1,0,1,0,Birds
Calyptorhynchus banksii naso,"Forest Red-tailed Black-Cockatoo, Karrak",Vulnerable,Animalia,Aves,0,0,0,0,0,0,0,1,Birds
Calyptorhynchus baudinii,"Baudin's Cockatoo, Long-billed Black-Cockatoo",Endangered,Animalia,Aves,0,0,0,0,0,0,0,1,Birds
Calyptorhynchus lathami halmaturinus,"Kangaroo Island Glossy Black-Cockatoo, Glossy Black-Cockatoo (South Australian)",Endangered,Animalia,Aves,0,0,0,0,1,0,0,0,Birds
Calyptorhynchus lathami lathami,South-eastern Glossy Black-Cockatoo,Vulnerable,Animalia,Aves,1,1,0,1,0,0,1,0,Birds
Calyptorhynchus latirostris,"Carnaby's Cockatoo,  Short-billed Black-Cockatoo",Endangered,Animalia,Aves,0,0,0,0,0,0,0,1,Birds
Calystegia affinis,-,Critically Endangered,Plantae,Magnoliopsida,0,1,0,0,0,0,0,0,Plants
Calytrix breviseta subsp. breviseta,Swamp Starflower,Endangered,Plantae,Magnoliopsida,0,0,0,0,0,0,0,1,Plants
Calytrix gurulmundensis,-,Vulnerable,Plantae,Magnoliopsida,0,0,0,1,0,0,0,0,Plants
Canarium acutifolium,-,Vulnerable,Plantae,Magnoliopsida,0,0,0,1,0,0,0,0,Plants
Capparis thozetiana,-,Vulnerable,Plantae,Magnoliopsida,0,0,0,1,0,0,0,0,Plants
Carcharias taurus (east coast population),Grey Nurse Shark (east coast population),Critically Endangered,Animalia,Chondrichthyes,0,1,0,1,0,0,1,0,Fish
Carcharias taurus (west coast population),Grey Nurse Shark (west coast population),Vulnerable,Animalia,Chondrichthyes,0,0,0,0,0,0,0,1,Fish
Carcharodon carcharias,"White Shark, Great White Shark",Vulnerable,Animalia,Chondrichthyes,0,1,1,1,1,1,1,1,Fish
Caretta caretta,Loggerhead Turtle,Endangered,Animalia,Reptilia,0,1,1,1,1,1,1,1,Reptiles
Carettochelys insculpta,"Pig-nosed Turtle, Pitted Shell Turtle",Vulnerable,Animalia,Reptilia,0,0,1,0,0,0,0,0,Reptiles
Carinascincus greeni,"Alpine Cool-skink, Northern Snow Skink",Endangered,Animalia,Reptilia,0,0,0,0,0,1,0,0,Reptiles
Carinascincus microlepidotus,"Boulder Cool-skink, Southern Snow Skink",Endangered,Animalia,Reptilia,0,0,0,0,0,1,0,0,Reptiles
Carinascincus orocryptus,"Heath Cool-skink, Mountain Skink",Endangered,Animalia,Reptilia,0,0,0,0,0,1,0,0,Reptiles
Carinascincus palfreymani,"Pedra Branca Skink,  Pedra Branca Cool-skink, Red-throated Skink",Critically Endangered,Animalia,Reptilia,0,0,0,0,0,1,0,0,Reptiles
Carronia pedicellata,-,Endangered,Plantae,Magnoliopsida,0,0,0,1,0,0,0,0,Plants
Cassinia heleniae,-,Endangered,Plantae,Magnoliopsida,0,1,0,0,0,0,0,0,Plants
Cassinia rugata,"Wrinkled Cassinia, Wrinkled Dollybush",Vulnerable,Plantae,Magnoliopsida,0,0,0,0,1,1,1,0,Plants
Cassinia tegulata,Avenue Cassinia,Critically Endangered,Plantae,Magnoliopsida,0,0,0,0,1,0,1,0,Plants
Cassinia theodorii,Kaputar Cassinia,Endangered,Plantae,Magnoliopsida,0,1,0,0,0,0,0,0,Plants
Casuarius casuarius johnsonii,"Southern Cassowary, Australian Cassowary, Double-wattled Cassowary",Endangered,Animalia,Aves,0,0,0,1,0,0,0,0,Birds
Centrolepis pedderensis,"Pedder Centrolepis, Pedder Bristlewort",Endangered,Plantae,Liliopsida,0,0,0,0,0,1,0,0,Plants
Cepobaculum carronii,an orchid,Vulnerable,Plantae,Liliopsida,0,0,0,1,0,0,0,0,Plants
Cereopsis novaehollandiae grisea,"Cape Barren Goose (south-western), Recherche Cape Barren Goose",Vulnerable,Animalia,Aves,0,0,0,0,0,0,0,1,Birds
Ceyx azureus diemenensis,Tasmanian Azure Kingfisher,Endangered,Animalia,Aves,0,0,0,0,0,1,0,0,Birds
Chalcophaps indica natalis,"Christmas Island Emerald Dove, Emerald Dove (Christmas Island)",Endangered,Animalia,Aves,0,0,0,0,0,0,0,0,Birds
Chalinolobus dwyeri,"Large-eared Pied Bat, Large Pied Bat",Endangered,Animalia,Mammalia,0,1,0,1,0,0,0,0,Mammals
Chamelaucium sp. Cataby (G.J.Keighery 11009),Griffin's Waxflower,Vulnerable,Plantae,Magnoliopsida,0,0,0,0,0,0,0,1,Plants
Chamelaucium sp. Gingin (N.G.Marchant 6),Gingin Wax,Endangered,Plantae,Magnoliopsida,0,0,0,0,0,0,0,1,Plants
Chamelaucium sp. S coastal plain (R.D.Royce 4872),Royce's Waxflower,Vulnerable,Plantae,Magnoliopsida,0,0,0,0,0,0,0,1,Plants
Charadrius leschenaultii,"Greater Sand Plover, Large Sand Plover",Vulnerable,Animalia,Aves,0,1,1,1,1,1,1,1,Birds
Charadrius mongolus,"Lesser Sand Plover, Mongolian Plover",Endangered,Animalia,Aves,0,1,1,1,1,1,1,1,Birds
Cheiranthera volubilis,Twining Finger-flower,Vulnerable,Plantae,Magnoliopsida,0,0,0,0,1,0,0,0,Plants
Chelonia mydas,Green Turtle,Vulnerable,Animalia,Reptilia,0,1,1,1,1,1,1,1,Reptiles
Cherax robustus,Sand Yabby,Vulnerable,Animalia,Malacostraca,0,0,0,1,0,0,0,0,Invertebrates
Cherax tenuimanus,"Hairy Marron, Margaret River Hairy Marron, Margaret River Marron",Critically Endangered,Animalia,Malacostraca,0,0,0,0,0,0,0,1,Invertebrates
Chiloglottis anaticeps,Duck's-head Wasp-orchid,Endangered,Plantae,Liliopsida,0,1,0,0,0,0,0,0,Plants
Chingia australis,-,Endangered,Plantae,Polypodiatae,0,0,0,1,0,0,0,0,Plants
Chlamydogobius gloveri,Dalhousie Goby,Critically Endangered,Animalia,Actinopterygii,0,0,0,0,1,0,0,0,Fish
Chlamydogobius micropterus,Elizabeth Springs Goby,Endangered,Animalia,Actinopterygii,0,0,0,1,0,0,0,0,Fish
Chlamydogobius squamigenus,Edgbaston Goby,Vulnerable,Animalia,Actinopterygii,0,0,0,1,0,0,0,0,Fish
Chordifex abortivus,Manypeaks Rush,Endangered,Plantae,Liliopsida,0,0,0,0,0,0,0,1,Plants
Choretrum spicatum subsp. spicatum,Spiked Sour-bush,Endangered,Plantae,Magnoliopsida,0,0,0,0,1,0,0,0,Plants
Chorizema humile,Prostrate Flame Pea,Endangered,Plantae,Magnoliopsida,0,0,0,0,0,0,0,1,Plants
Chorizema varium,Limestone Pea,Endangered,Plantae,Magnoliopsida,0,0,0,0,0,0,0,1,Plants
Christinus guentheri,"Lord Howe Island Gecko, Lord Howe Island Southern Gecko",Vulnerable,Animalia,Reptilia,0,1,0,0,0,0,0,0,Reptiles
Cinclosoma punctatum anachoreta,"Mt Lofty Ranges Spotted Quail-thrush, Spotted Quail-thrush (Mt Lofty Ranges)",Critically Endangered,Animalia,Aves,0,0,0,0,1,0,0,0,Birds
Clausena excavata,-,Critically Endangered,Plantae,Magnoliopsida,0,0,1,0,0,0,0,0,Plants
Clematis dubia,"a creeper, Clematis",Critically Endangered,Plantae,Magnoliopsida,0,0,0,0,0,0,0,0,Plants
Clematis fawcettii,Stream Clematis,Vulnerable,Plantae,Magnoliopsida,0,1,0,1,0,0,0,0,Plants
Climacteris picumnus victoriae,Brown Treecreeper (south-eastern),Vulnerable,Animalia,Aves,1,1,0,1,0,0,1,0,Birds
Codonocarpus pyramidalis,"Slender Bell-fruit, Camel Poison",Vulnerable,Plantae,Magnoliopsida,0,1,0,0,1,0,0,0,Plants
Coeranoscincus reticulatus,Three-toed Snake-tooth Skink,Vulnerable,Animalia,Reptilia,0,1,0,1,0,0,0,0,Reptiles
Coleus insularis,Millmerran Mint Bush,Critically Endangered,Plantae,Magnoliopsida,0,0,0,1,0,0,0,0,Plants
Colobanthus curtisiae,Curtis' Colobanth,Vulnerable,Plantae,Magnoliopsida,0,0,0,0,0,1,0,0,Plants
Comesperma oblongatum,Byfield Matchstick,Vulnerable,Plantae,Magnoliopsida,0,0,0,1,0,0,0,0,Plants
Commersonia apella,Many-flowered Commersonia,Critically Endangered,Plantae,Magnoliopsida,0,0,0,0,0,0,0,1,Plants
Commersonia erythrogyna,Trigwell's Rulingia,Endangered,Plantae,Magnoliopsida,0,0,0,0,0,0,0,1,Plants
Commersonia prostrata,Dwarf Kerrawang,Endangered,Plantae,Magnoliopsida,0,1,0,0,0,0,1,0,Plants
Conilurus penicillatus,"Brush-tailed Rabbit-rat, Brush-tailed Tree-rat, Pakooma",Vulnerable,Animalia,Mammalia,0,0,1,1,0,0,0,1,Mammals
Conospermum densiflorum subsp. unicephalatum,One-headed Smokebush,Endangered,Plantae,Magnoliopsida,0,0,0,0,0,0,0,1,Plants
Conospermum galeatum,-,Critically Endangered,Plantae,Magnoliopsida,0,0,0,0,0,0,0,1,Plants
Conospermum hookeri,Variable Smoke-bush,Vulnerable,Plantae,Magnoliopsida,0,0,0,0,0,1,0,0,Plants
Conospermum quadripetalum,-,Critically Endangered,Plantae,Magnoliopsida,0,0,0,0,0,0,0,1,Plants
Conospermum undulatum,Wavy-leaved Smokebush,Vulnerable,Plantae,Magnoliopsida,0,0,0,0,0,0,0,1,Plants
Conostylis dielsii subsp. teres,Irwin's Conostylis,Endangered,Plantae,Liliopsida,0,0,0,0,0,0,0,1,Plants
Conostylis drummondii,Drummond's Conostylis,Endangered,Plantae,Liliopsida,0,0,0,0,0,0,0,1,Plants
Conostylis lepidospermoides,Sedge Conostylis,Endangered,Plantae,Liliopsida,0,0,0,0,0,0,0,1,Plants
Conostylis micrantha,Small-flowered Conostylis,Endangered,Plantae,Liliopsida,0,0,0,0,0,0,0,1,Plants
Conostylis misera,Grass Conostylis,Endangered,Plantae,Liliopsida,0,0,0,0,0,0,0,1,Plants
Conostylis rogeri,"Kulin Conostylis, Single-flowered Conostylis",Vulnerable,Plantae,Liliopsida,0,0,0,0,0,0,0,1,Plants
Conostylis seorsiflora subsp. trichophylla,Hairy Mat Conostylis,Endangered,Plantae,Liliopsida,0,0,0,0,0,0,0,1,Plants
Conostylis setigera subsp. dasys,Boscabel Conostylis,Critically Endangered,Plantae,Liliopsida,0,0,0,0,0,0,0,1,Plants
Conostylis wonganensis,Wongan Conostylis,Endangered,Plantae,Liliopsida,0,0,0,0,0,0,0,1,Plants
Coopernookia georgei,Mauve Coopernookia,Endangered,Plantae,Magnoliopsida,0,0,0,0,0,0,0,1,Plants
Coopernookia scabridiuscula,-,Vulnerable,Plantae,Magnoliopsida,0,0,0,1,0,0,0,0,Plants
Cophixalus aenigma,Tapping Nursery-frog,Endangered,Animalia,Amphibia,0,0,0,1,0,0,0,0,Frogs
Cophixalus concinnus,Elegant Frog,Critically Endangered,Animalia,Amphibia,0,0,0,1,0,0,0,0,Frogs
Cophixalus hosmeri,"Hosmer's Frog, Rattling Nursery-frog",Critically Endangered,Animalia,Amphibia,0,0,0,1,0,0,0,0,Frogs
Cophixalus mcdonaldi,"McDonald's Frog, Mt Elliot Nursery-frog",Critically Endangered,Animalia,Amphibia,0,0,0,1,0,0,0,0,Frogs
Cophixalus monticola,Mountain-top Nursery-frog,Critically Endangered,Animalia,Amphibia,0,0,0,1,0,0,0,0,Frogs
Cophixalus neglectus,"Neglected Frog, Bellenden Ker Nursery-frog",Critically Endangered,Animalia,Amphibia,0,0,0,1,0,0,0,0,Frogs
Coprosma baueri,Coastal Coprosma,Endangered,Plantae,Magnoliopsida,0,0,0,0,0,0,0,0,Plants
Coprosma pilosa,Mountain Coprosma,Endangered,Plantae,Magnoliopsida,0,0,0,0,0,0,0,0,Plants
Corchorus cunninghamii,Native Jute,Endangered,Plantae,Magnoliopsida,0,1,0,1,0,0,0,0,Plants
Cordyline obtecta,Ti,Vulnerable,Plantae,Liliopsida,0,0,0,0,0,0,0,0,Plants
Cormodes darwini,a beetle,Critically Endangered,Animalia,Insecta,0,1,0,0,0,0,0,0,Invertebrates
Corokia whiteana,-,Endangered,Plantae,Magnoliopsida,0,1,0,0,0,0,0,0,Plants
Correa baeuerlenii,Chef's Cap,Vulnerable,Plantae,Magnoliopsida,0,1,0,0,0,0,0,0,Plants
Correa calycina,Hindmarsh Correa,Vulnerable,Plantae,Magnoliopsida,0,0,0,0,1,0,0,0,Plants
Correa eburnea,Deep Creek Correa,Endangered,Plantae,Magnoliopsida,0,0,0,0,1,0,0,0,Plants
Correa lawrenceana var. genoensis,Genoa River Correa,Endangered,Plantae,Magnoliopsida,0,1,0,0,0,0,1,0,Plants
Corunastylis brachystachya,"Short-spiked Midge-orchid, Rocky Cape Midge Orchid",Endangered,Plantae,Liliopsida,0,0,0,0,0,1,0,0,Plants
Corunastylis ectopa,"Brindabella Midge-orchid, Ectopic Midge-orchid",Critically Endangered,Plantae,Liliopsida,1,0,0,0,0,0,0,0,Plants
Corunastylis firthii,Firth's Midge-orchid,Critically Endangered,Plantae,Liliopsida,0,0,0,0,0,1,0,0,Plants
Corunastylis insignis,"Wyong Midge Orchid 1, Variable Midge Orchid 1",Critically Endangered,Plantae,Liliopsida,0,1,0,0,0,0,0,0,Plants
Corunastylis littoralis,Tuncurry Midge Orchid,Critically Endangered,Plantae,Liliopsida,0,1,0,0,0,0,0,0,Plants
Corunastylis sp. Charmhaven (NSW 896673),Wyong Midge Orchid 2,Critically Endangered,Plantae,Liliopsida,0,1,0,0,0,0,0,0,Plants
Corybas dentatus,"Toothed Helmet-orchid, Finniss Helmet-orchid",Vulnerable,Plantae,Liliopsida,0,0,0,0,1,0,0,0,Plants
Corybas montanus,Small Helmet-orchid,Vulnerable,Plantae,Liliopsida,0,0,0,1,0,0,0,0,Plants
Corybas sulcatus,Grooved Helmet-orchid,Critically Endangered,Plantae,Liliopsida,0,0,0,0,0,1,0,0,Plants
Corymbia clandestina,-,Vulnerable,Plantae,Magnoliopsida,0,0,0,1,0,0,0,0,Plants
Corymbia leptoloma,Yellowjacket,Vulnerable,Plantae,Magnoliopsida,0,0,0,1,0,0,0,0,Plants
Corymbia rhodops,-,Vulnerable,Plantae,Magnoliopsida,0,0,0,1,0,0,0,0,Plants
Corymbia xanthope,Glen Geddes Bloodwood,Vulnerable,Plantae,Magnoliopsida,0,0,0,1,0,0,0,0,Plants
Corynocarpus rupestris subsp. rupestris,Glenugie Karaka,Vulnerable,Plantae,Magnoliopsida,0,1,0,0,0,0,0,0,Plants
Cossinia australiana,Cossinia,Endangered,Plantae,Magnoliopsida,0,0,0,1,0,0,0,0,Plants
Craspedia preminghana,Preminghana Billybutton,Endangered,Plantae,Magnoliopsida,0,0,0,0,0,1,0,0,Plants
Craterocephalus dalhousiensis,Dalhousie Hardyhead,Critically Endangered,Animalia,Actinopterygii,0,0,0,0,1,0,0,0,Fish
Craterocephalus fluviatilis,Murray Hardyhead,Endangered,Animalia,Actinopterygii,0,1,0,0,1,0,1,0,Fish
Crepidium lawleri,-,Endangered,Plantae,Liliopsida,0,0,0,1,0,0,0,0,Plants
Crinia sloanei,Sloane's Froglet,Endangered,Animalia,Amphibia,0,1,0,0,0,0,1,0,Frogs
Crocidura trichura,Christmas Island Shrew,Critically Endangered,Animalia,Mammalia,0,0,0,0,0,0,0,0,Mammals
Croton mamillatus,Bahrs Scrub Croton,Critically Endangered,Plantae,Magnoliopsida,0,0,0,1,0,0,0,0,Plants
Cryptoblepharus egeriae,"Christmas Island Blue-tailed Skink, Blue-tailed Snake-eyed Skink",Critically Endangered,Animalia,Reptilia,0,0,0,0,0,0,0,0,Reptiles
Cryptoblepharus gurrmul,Arafura Snake-eyed Skink,Endangered,Animalia,Reptilia,0,0,1,0,0,0,0,0,Reptiles
Cryptocarya foetida,"Stinking Cryptocarya, Stinking Laurel",Vulnerable,Plantae,Magnoliopsida,0,1,0,1,0,0,0,0,Plants
Cryptostylis hunteriana,Leafless Tongue-orchid,Vulnerable,Plantae,Liliopsida,0,1,0,1,0,0,1,0,Plants
Ctenophorus yinnietharra,Yinnietharra Rock-Dragon,Vulnerable,Animalia,Reptilia,0,0,0,0,0,0,0,1,Reptiles
Ctenopterella blechnoides,-,Vulnerable,Plantae,Polypodiatae,0,0,0,1,0,0,0,0,Plants
Ctenotus lancelini,Lancelin Island Skink,Vulnerable,Animalia,Reptilia,0,0,0,0,0,0,0,1,Reptiles
Ctenotus serotinus,Gravel Downs Ctenotus,Critically Endangered,Animalia,Reptilia,0,0,0,1,0,0,0,0,Reptiles
Ctenotus zastictus,Hamelin Ctenotus,Vulnerable,Animalia,Reptilia,0,0,0,0,0,0,0,1,Reptiles
Cupaniopsis shirleyana,Wedge-leaf Tuckeroo,Vulnerable,Plantae,Magnoliopsida,0,0,0,1,0,0,0,0,Plants
Cupaniopsis tomentella,Boonah Tuckeroo,Vulnerable,Plantae,Magnoliopsida,0,0,0,1,0,0,0,0,Plants
Cyanoramphus cookii,"Norfolk Island Green Parrot, Tasman Parakeet, Norfolk Island Parakeet",Endangered,Animalia,Aves,0,0,0,0,0,0,0,0,Birds
Cyathea exilis,a tree-fern,Endangered,Plantae,Polypodiatae,0,0,0,1,0,0,0,0,Plants
Cycas cairnsiana,a cycad,Vulnerable,Plantae,Cycadatae,0,0,0,1,0,0,0,0,Plants
Cycas megacarpa,-,Endangered,Plantae,Cycadatae,0,0,0,1,0,0,0,0,Plants
Cycas ophiolitica,-,Endangered,Plantae,Cycadatae,0,0,0,1,0,0,0,0,Plants
Cycas platyphylla,a cycad,Vulnerable,Plantae,Cycadatae,0,0,0,1,0,0,0,0,Plants
Cycas silvestris,-,Vulnerable,Plantae,Cycadatae,0,0,0,1,0,0,0,0,Plants
Cyclodomorphus praealtus,Alpine She-oak Skink,Endangered,Animalia,Reptilia,0,1,0,0,0,0,1,0,Reptiles
Cyclophyllum costatum,a shrub,Vulnerable,Plantae,Magnoliopsida,0,0,0,1,0,0,0,0,Plants
Cyclopsitta diophthalma coxeni,Coxen's Fig-Parrot,Critically Endangered,Animalia,Aves,0,1,0,1,0,0,0,0,Birds
Cynanchum elegans,White-flowered Wax Plant,Endangered,Plantae,Magnoliopsida,0,1,0,0,0,0,0,0,Plants
Cyperus cephalotes,-,Endangered,Plantae,Liliopsida,0,0,0,1,0,0,0,0,Plants
Cyperus semifertilis,-,Vulnerable,Plantae,Liliopsida,0,1,0,1,0,0,0,0,Plants
Cyphanthera scabrella,-,Endangered,Plantae,Magnoliopsida,0,1,0,0,0,0,0,0,Plants
Cyrtodactylus sadleiri,Christmas Island Giant Gecko,Endangered,Animalia,Reptilia,0,0,0,0,0,0,0,0,Reptiles
Danhatchia copelandii,Bonville Leafless Orchid,Critically Endangered,Plantae,Liliopsida,0,1,0,0,0,0,0,0,Plants
Daphnandra johnsonii,Illawarra Socketwood,Endangered,Plantae,Magnoliopsida,0,1,0,0,0,0,0,0,Plants
Darwinia acerosa,Fine-leaved Darwinia,Endangered,Plantae,Magnoliopsida,0,0,0,0,0,0,0,1,Plants
Darwinia apiculata,Scarp Darwinia,Endangered,Plantae,Magnoliopsida,0,0,0,0,0,0,0,1,Plants
Darwinia biflora,-,Vulnerable,Plantae,Magnoliopsida,0,1,0,0,0,0,0,0,Plants
Darwinia carnea,"Mogumber Bell, Narrogin Bell",Endangered,Plantae,Magnoliopsida,0,0,0,0,0,0,0,1,Plants
Darwinia chapmaniana,Chapman's Bell,Endangered,Plantae,Magnoliopsida,0,0,0,0,0,0,0,1,Plants
Darwinia collina,Yellow Mountain Bell,Critically Endangered,Plantae,Magnoliopsida,0,0,0,0,0,0,0,1,Plants
Darwinia ferricola,Scott River Darwinia,Endangered,Plantae,Magnoliopsida,0,0,0,0,0,0,0,1,Plants
Darwinia foetida,Muchea Bell,Critically Endangered,Plantae,Magnoliopsida,0,0,0,0,0,0,0,1,Plants
Darwinia masonii,Mason's Darwinia,Vulnerable,Plantae,Magnoliopsida,0,0,0,0,0,0,0,1,Plants
Darwinia meeboldii,Cranbrook Bell,Vulnerable,Plantae,Magnoliopsida,0,0,0,0,0,0,0,1,Plants
Darwinia nubigena,"Success Bell, Red Mountain Bell",Vulnerable,Plantae,Magnoliopsida,0,0,0,0,0,0,0,1,Plants
Darwinia oxylepis,Gillam's Bell,Endangered,Plantae,Magnoliopsida,0,0,0,0,0,0,0,1,Plants
Darwinia polychroma,Harlequin Bell,Endangered,Plantae,Magnoliopsida,0,0,0,0,0,0,0,1,Plants
Darwinia squarrosa,"Fringed Mountain Bell, Pink Mountain Bell",Vulnerable,Plantae,Magnoliopsida,0,0,0,0,0,0,0,1,Plants
Darwinia whicherensis,Abba Bell,Endangered,Plantae,Magnoliopsida,0,0,0,0,0,0,0,1,Plants
Darwinia wittwerorum,Wittwer's Mountain Bell,Endangered,Plantae,Magnoliopsida,0,0,0,0,0,0,0,1,Plants
Dasymalla axillaris,Native Foxglove,Critically Endangered,Plantae,Magnoliopsida,0,0,0,0,0,0,0,1,Plants
Dasyornis brachypterus,Eastern Bristlebird,Endangered,Animalia,Aves,0,1,0,1,0,0,1,0,Birds
Dasyornis longirostris,Western Bristlebird,Endangered,Animalia,Aves,0,0,0,0,0,0,0,1,Birds
Dasyuroides byrnei,"Kowari, brushy-tailed marsupial rat, Byrne's crest-tailed marsupial rat",Endangered,Animalia,Mammalia,0,0,1,1,1,0,0,0,Mammals
Dasyurus geoffroii,"Chuditch, Western Quoll",Vulnerable,Animalia,Mammalia,1,1,1,1,1,0,1,1,Mammals
Dasyurus hallucatus,"Northern Quoll, Digul [Gogo-Yimidir], Wijingadda [Dambimangari], Wiminji [Martu]",Endangered,Animalia,Mammalia,0,0,1,1,0,0,0,1,Mammals
Dasyurus maculatus gracilis,"Spotted-tailed Quoll (North Queensland), Yarri",Endangered,Animalia,Mammalia,0,0,0,1,0,0,0,0,Mammals
Dasyurus maculatus maculatus (SE mainland population),"Spot-tailed Quoll, Spotted-tail Quoll, Tiger Quoll (southeastern mainland population)",Endangered,Animalia,Mammalia,1,1,0,1,1,0,1,0,Mammals
Dasyurus maculatus maculatus (Tasmanian population),"Spotted-tail Quoll, Spot-tailed Quoll, Tiger Quoll (Tasmanian population)",Vulnerable,Animalia,Mammalia,0,0,0,0,0,1,0,0,Mammals
Dasyurus viverrinus,"Eastern Quoll, Luaner",Endangered,Animalia,Mammalia,1,1,0,0,1,1,1,0,Mammals
Davidsonia jerseyana,Davidson's Plum,Endangered,Plantae,Magnoliopsida,0,1,0,0,0,0,0,0,Plants
Davidsonia johnsonii,"Smooth Davidsonia, Smooth Davidson's Plum, Small-leaved Davidson's Plum",Endangered,Plantae,Magnoliopsida,0,1,0,1,0,0,0,0,Plants
Daviesia bursarioides,Three Springs Daviesia,Endangered,Plantae,Magnoliopsida,0,0,0,0,0,0,0,1,Plants
Daviesia cunderdin,Cunderdin Daviesia,Endangered,Plantae,Magnoliopsida,0,0,0,0,0,0,0,1,Plants
Daviesia dielsii,Diels' Daviesia,Endangered,Plantae,Magnoliopsida,0,0,0,0,0,0,0,1,Plants
Daviesia discolor,-,Vulnerable,Plantae,Magnoliopsida,0,0,0,1,0,0,0,0,Plants
Daviesia elongata subsp. elongata,Long-leaved Daviesia,Vulnerable,Plantae,Magnoliopsida,0,0,0,0,0,0,0,1,Plants
Daviesia euphorbioides,Wongan Cactus,Endangered,Plantae,Magnoliopsida,0,0,0,0,0,0,0,1,Plants
Daviesia glossosema,Maroon-flowered Daviesia,Critically Endangered,Plantae,Magnoliopsida,0,0,0,0,0,0,0,1,Plants
Daviesia laevis,Grampians Bitter-pea,Vulnerable,Plantae,Magnoliopsida,0,0,0,0,0,0,1,0,Plants
Daviesia megacalyx,Long-sepalled Daviesia,Endangered,Plantae,Magnoliopsida,0,0,0,0,0,0,0,1,Plants
Daviesia microcarpa,Norseman Pea,Endangered,Plantae,Magnoliopsida,0,0,0,0,0,0,0,1,Plants
Daviesia obovata,Paddle-leaf Daviesia,Endangered,Plantae,Magnoliopsida,0,0,0,0,0,0,0,1,Plants
Daviesia ovata,Broad-leaf Daviesia,Critically Endangered,Plantae,Magnoliopsida,0,0,0,0,0,0,0,1,Plants
Daviesia pseudaphylla,Stirling Range Daviesia,Critically Endangered,Plantae,Magnoliopsida,0,0,0,0,0,0,0,1,Plants
Daviesia speciosa,Beautiful Daviesia,Endangered,Plantae,Magnoliopsida,0,0,0,0,0,0,0,1,Plants
Decaspermum struckoilicum,Struck Oil Myrtle,Critically Endangered,Plantae,Magnoliopsida,0,0,0,1,0,0,0,0,Plants
Delma impar,"Striped Legless Lizard, Striped Snake-lizard",Vulnerable,Animalia,Reptilia,1,1,0,0,1,0,1,0,Reptiles
Delma mitella,"Atherton Delma, Legless Lizard",Vulnerable,Animalia,Reptilia,0,0,0,1,0,0,0,0,Reptiles
Delma torquata,"Adorned Delma, Collared Delma",Vulnerable,Animalia,Reptilia,0,0,0,1,0,0,0,0,Reptiles
Delma vescolineata,Hunter Valley Delma,Endangered,Animalia,Reptilia,0,1,0,0,0,0,0,0,Reptiles
Dendrobium antennatum,Antelope Orchid,Endangered,Plantae,Liliopsida,0,0,0,1,0,0,0,0,Plants
Dendrobium bigibbum,Cooktown Orchid,Vulnerable,Plantae,Liliopsida,0,0,0,1,0,0,0,0,Plants
Dendrobium brachypus,Norfolk Island Orchid,Endangered,Plantae,Liliopsida,0,0,0,0,0,0,0,0,Plants
Dendrobium johannis,Chocolate Tea Tree Orchid,Vulnerable,Plantae,Liliopsida,0,0,0,1,0,0,0,0,Plants
Dendrobium mirbelianum,"Dark-stemmed Antler Orchid, Mangrove Orchid",Endangered,Plantae,Liliopsida,0,0,0,1,0,0,0,0,Plants
Dendrobium nindii,an orchid,Endangered,Plantae,Liliopsida,0,0,0,1,0,0,0,0,Plants
Dendronephthya australis,Cauliflower Soft Coral,Endangered,Animalia,Anthozoa,0,1,0,1,0,0,0,0,Other
Denhamia megacarpa,Large-fruited Denhamia,Endangered,Plantae,Magnoliopsida,0,0,0,1,0,0,0,0,Plants
Denhamia parvifolia,Small-leaved Denhamia,Vulnerable,Plantae,Magnoliopsida,0,0,0,1,0,0,0,0,Plants
Denisonia maculata,Ornamental Snake,Vulnerable,Animalia,Reptilia,0,0,0,1,0,0,0,0,Reptiles
Dermochelys coriacea,"Leatherback Turtle, Leathery Turtle, Luth",Endangered,Animalia,Reptilia,0,1,1,1,1,1,1,1,Reptiles
Desmodium acanthocladum,Thorny Pea,Vulnerable,Plantae,Magnoliopsida,0,1,0,0,0,0,0,0,Plants
Deyeuxia appressa,-,Endangered,Plantae,Liliopsida,0,1,0,0,0,0,0,0,Plants
Deyeuxia drummondii,"Drummond's Grass, Drummond Grass",Endangered,Plantae,Liliopsida,0,0,0,0,0,0,0,1,Plants
Deyeuxia pungens,Narrow-leaf Bent-grass,Vulnerable,Plantae,Liliopsida,0,0,0,0,0,0,1,0,Plants
Deyeuxia ramosa,Climbing Bent-grass,Critically Endangered,Plantae,Liliopsida,0,0,0,0,0,0,1,0,Plants
Deyeuxia talariata,Skirted Bent-grass,Endangered,Plantae,Liliopsida,0,1,0,0,0,0,1,0,Plants
Dianella amoena,Matted Flax-lily,Endangered,Plantae,Liliopsida,0,0,0,0,0,1,1,0,Plants
Dichanthium queenslandicum,King Blue-grass,Endangered,Plantae,Liliopsida,0,0,0,1,0,0,0,0,Plants
Dichanthium setosum,bluegrass,Vulnerable,Plantae,Liliopsida,0,1,0,1,0,0,0,0,Plants
Dillwynia rupestris,-,Endangered,Plantae,Magnoliopsida,0,1,0,0,0,0,0,0,Plants
Diomedea amsterdamensis,Amsterdam Albatross,Endangered,Animalia,Aves,0,1,0,0,1,1,1,1,Birds
Diomedea antipodensis,Antipodean Albatross,Vulnerable,Animalia,Aves,0,1,0,1,1,1,1,1,Birds
Diomedea antipodensis gibsoni,Gibson's Albatross,Vulnerable,Animalia,Aves,0,1,0,1,0,1,1,0,Birds
Diomedea dabbenena,Tristan Albatross,Endangered,Animalia,Aves,0,0,0,0,1,0,0,1,Birds
Diomedea epomophora,Southern Royal Albatross,Vulnerable,Animalia,Aves,0,1,0,1,1,1,1,1,Birds
Diomedea exulans,Wandering Albatross,Vulnerable,Animalia,Aves,0,1,0,1,1,1,1,1,Birds
Diomedea sanfordi,Northern Royal Albatross,Endangered,Animalia,Aves,0,1,0,1,1,1,1,1,Birds
Diospyros mabacea,"Red-fruited Ebony, Silky Persimmon, Ebony",Endangered,Plantae,Magnoliopsida,0,1,0,0,0,0,0,0,Plants
Diplazium cordifolium,-,Vulnerable,Plantae,Polypodiatae,0,0,0,1,0,0,0,0,Plants
Diplazium pallidum,-,Endangered,Plantae,Polypodiatae,0,0,0,1,0,0,0,0,Plants
Diploglottis campbellii,Small-leaved Tamarind,Endangered,Plantae,Magnoliopsida,0,1,0,1,0,0,0,0,Plants
Diplolaena andrewsii,-,Endangered,Plantae,Magnoliopsida,0,0,0,0,0,0,0,1,Plants
Dipodium campanulatum,Bell Flower Hyacinth Orchid,Endangered,Plantae,Liliopsida,0,0,0,0,1,0,1,0,Plants
Dipodium pictum,-,Endangered,Plantae,Liliopsida,0,0,0,1,0,0,0,0,Plants
Dischidia litoralis,-,Vulnerable,Plantae,Magnoliopsida,0,0,0,1,0,0,0,0,Plants
Diuris aequalis,Buttercup Doubletail,Endangered,Plantae,Liliopsida,0,1,0,0,0,0,0,0,Plants
Diuris basaltica,"Small Golden Moths Orchid, Early Golden Moths",Endangered,Plantae,Liliopsida,0,0,0,0,0,0,1,0,Plants
Diuris drummondii,Tall Donkey Orchid,Vulnerable,Plantae,Liliopsida,0,0,0,0,0,0,0,1,Plants
Diuris eborensis,-,Endangered,Plantae,Liliopsida,0,1,0,0,0,0,0,0,Plants
Diuris flavescens,"Pale Yellow Doubletail, Wingham Doubletail",Critically Endangered,Plantae,Liliopsida,0,1,0,0,0,0,0,0,Plants
Diuris fragrantissima,"Sunshine Diuris, Fragrant Doubletail, White Diuris",Endangered,Plantae,Liliopsida,0,0,0,0,0,0,1,0,Plants
Diuris lanceolata,Snake Orchid,Endangered,Plantae,Liliopsida,0,0,0,0,0,1,0,0,Plants
Diuris micrantha,Dwarf Bee-orchid,Vulnerable,Plantae,Liliopsida,0,0,0,0,0,0,0,1,Plants
Diuris ochroma,Pale Golden Moths,Vulnerable,Plantae,Liliopsida,0,1,0,0,0,0,1,0,Plants
Diuris pedunculata,"Small Snake Orchid, Two-leaved Golden Moths, Golden Moths, Cowslip Orchid, Snake Orchid",Endangered,Plantae,Liliopsida,0,1,0,0,0,0,0,0,Plants
Diuris praecox,Newcastle Doubletail,Vulnerable,Plantae,Liliopsida,0,1,0,0,0,0,0,0,Plants
Diuris purdiei,Purdie's Donkey-orchid,Endangered,Plantae,Liliopsida,0,0,0,0,0,0,0,1,Plants
Diuris venosa,"Veined Doubletail, Goat Orchid, Veined Donkey-orchid",Vulnerable,Plantae,Liliopsida,0,1,0,0,0,0,0,0,Plants
Dodonaea procumbens,Trailing Hop-bush,Vulnerable,Plantae,Magnoliopsida,1,1,0,0,1,0,1,0,Plants
Dodonaea rupicola,Velvet Hopbush,Vulnerable,Plantae,Magnoliopsida,0,0,0,1,0,0,0,0,Plants
Dodonaea subglandulifera,Peep Hill Hop-bush,Endangered,Plantae,Magnoliopsida,0,0,0,0,1,0,0,0,Plants
Drakaea concolor,Kneeling Hammer-orchid,Vulnerable,Plantae,Liliopsida,0,0,0,0,0,0,0,1,Plants
Drakaea confluens,Late Hammer-orchid,Endangered,Plantae,Liliopsida,0,0,0,0,0,0,0,1,Plants
Drakaea elastica,"Glossy-leafed Hammer Orchid, Glossy-leaved Hammer Orchid,  Warty Hammer Orchid",Endangered,Plantae,Liliopsida,0,0,0,0,0,0,0,1,Plants
Drakaea isolata,Lonely Hammer-orchid,Endangered,Plantae,Liliopsida,0,0,0,0,0,0,0,1,Plants
Drakaea micrantha,Dwarf Hammer-orchid,Vulnerable,Plantae,Liliopsida,0,0,0,0,0,0,0,1,Plants
Drosera oreopodion,-,Critically Endangered,Plantae,Magnoliopsida,0,0,0,0,0,0,0,1,Plants
Drosera prolifera,-,Vulnerable,Plantae,Magnoliopsida,0,0,0,1,0,0,0,0,Plants
Drosera schizandra,-,Vulnerable,Plantae,Magnoliopsida,0,0,0,1,0,0,0,0,Plants
Drummondita ericoides,Morseby Range Drummondita,Endangered,Plantae,Magnoliopsida,0,0,0,0,0,0,0,1,Plants
Drummondita longifolia,Peak Charles Drummondita,Vulnerable,Plantae,Magnoliopsida,0,0,0,0,0,0,0,1,Plants
Dryococelus australis,"Lord Howe Island Phasmid, Land Lobster",Critically Endangered,Animalia,Insecta,0,1,0,0,0,0,0,0,Invertebrates
Duma horrida subsp. abdita,Remote Thorny Lignum,Critically Endangered,Plantae,Magnoliopsida,0,0,0,0,0,0,0,1,Plants
Dysoxylum bijugum,"Sharkwood, a tree",Vulnerable,Plantae,Magnoliopsida,0,0,0,0,0,0,0,0,Plants
Egernia roomi,"Kaputar Rock Skink, Mt Kaputar Rock Skink",Critically Endangered,Animalia,Reptilia,0,1,0,0,0,0,0,0,Reptiles
Egernia rugosa,Yakka Skink,Vulnerable,Animalia,Reptilia,0,0,0,1,0,0,0,0,Reptiles
Egernia stokesii badia,"Western Spiny-tailed Skink, Baudin Island Spiny-tailed Skink",Endangered,Animalia,Reptilia,0,0,0,0,0,0,0,1,Reptiles
Eidothea hardeniana,Nightcap Oak,Critically Endangered,Plantae,Magnoliopsida,0,1,0,0,0,0,0,0,Plants
Elaeocarpus miegei,-,Endangered,Plantae,Magnoliopsida,0,0,1,0,0,0,0,0,Plants
Elaeocarpus sedentarius,Minyon Quandong,Endangered,Plantae,Magnoliopsida,0,1,0,0,0,0,0,0,Plants
Elaeocarpus williamsianus,Hairy Quandong,Endangered,Plantae,Magnoliopsida,0,1,0,0,0,0,0,0,Plants
Elatostema montanum,Mountain Procris,Critically Endangered,Plantae,Magnoliopsida,0,0,0,0,0,0,0,0,Plants
Eleocharis keigheryi,Keighery's Eleocharis,Vulnerable,Plantae,Liliopsida,0,0,0,0,0,0,0,1,Plants
Eleocharis obicis,a spike rush,Vulnerable,Plantae,Liliopsida,0,1,0,0,0,0,1,0,Plants
Eleocharis papillosa,Dwarf Desert Spike-rush,Vulnerable,Plantae,Liliopsida,0,0,1,0,1,0,0,1,Plants
Eleocharis retroflexa,a sedge,Vulnerable,Plantae,Liliopsida,0,0,1,1,0,0,0,0,Plants
Elseya albagula,"Southern Snapping Turtle, White-throated Snapping Turtle",Critically Endangered,Animalia,Reptilia,0,0,0,1,0,0,0,0,Reptiles
Elseya irwini,"Irwin's Turtle, White-headed Snapping Turtle",Vulnerable,Animalia,Reptilia,0,0,0,1,0,0,0,0,Reptiles
Elseya lavarackorum,Gulf Snapping Turtle,Endangered,Animalia,Reptilia,0,0,1,1,0,0,0,0,Reptiles
Elusor macrurus,"Mary River Turtle, Mary River Tortoise",Critically Endangered,Animalia,Reptilia,0,0,0,1,0,0,0,0,Reptiles
Emydura subglobosa subglobosa,"Jardine River Turtle, Red-flushed River Turtle",Critically Endangered,Animalia,Reptilia,0,0,0,1,0,0,0,0,Reptiles
Endiandra cooperana,-,Endangered,Plantae,Magnoliopsida,0,0,0,1,0,0,0,0,Plants
Endiandra floydii,"Floyd's Walnut, Crystal Creek Walnut",Endangered,Plantae,Magnoliopsida,0,1,0,1,0,0,0,0,Plants
Endiandra hayesii,"Rusty Rose Walnut, Velvet Laurel",Vulnerable,Plantae,Magnoliopsida,0,1,0,1,0,0,0,0,Plants
Engaeus granulatus,Central North Burrowing Crayfish,Endangered,Animalia,Malacostraca,0,0,0,0,0,1,0,0,Invertebrates
Engaeus martigener,Furneaux Burrowing Crayfish,Endangered,Animalia,Malacostraca,0,0,0,0,0,1,0,0,Invertebrates
Engaeus orramakunna,Mount Arthur Burrowing Crayfish,Vulnerable,Animalia,Malacostraca,0,0,0,0,0,1,0,0,Invertebrates
Engaeus spinicaudatus,Scottsdale Burrowing Crayfish,Endangered,Animalia,Malacostraca,0,0,0,0,0,1,0,0,Invertebrates
Engaeus yabbimunna,Burnie Burrowing Crayfish,Vulnerable,Animalia,Malacostraca,0,0,0,0,0,1,0,0,Invertebrates
Engaewa pseudoreducta,Margaret River Burrowing Crayfish,Critically Endangered,Animalia,Malacostraca,0,0,0,0,0,0,0,1,Invertebrates
Engaewa reducta,Dunsborough Burrowing Crayfish,Critically Endangered,Animalia,Malacostraca,0,0,0,0,0,0,0,1,Invertebrates
Engaewa walpolea,Walpole Burrowing Crayfish,Endangered,Animalia,Malacostraca,0,0,0,0,0,0,0,1,Invertebrates
Epacris apsleyensis,Apsley Heath,Endangered,Plantae,Magnoliopsida,0,0,0,0,0,1,0,0,Plants
Epacris barbata,"Bearded Heath, Freycinet Heath",Endangered,Plantae,Magnoliopsida,0,0,0,0,0,1,0,0,Plants
Epacris exserta,South Esk Heath,Endangered,Plantae,Magnoliopsida,0,0,0,0,0,1,0,0,Plants
Epacris glabella,"Funnel Heath, Smooth Heath",Endangered,Plantae,Magnoliopsida,0,0,0,0,0,1,0,0,Plants
Epacris grandis,"Grand Heath, Tall Heath",Endangered,Plantae,Magnoliopsida,0,0,0,0,0,1,0,0,Plants
Epacris graniticola,"Mt Cameron Heath, Granite Heath",Critically Endangered,Plantae,Magnoliopsida,0,0,0,0,0,1,0,0,Plants
Epacris hamiltonii,-,Endangered,Plantae,Magnoliopsida,0,1,0,0,0,0,0,0,Plants
Epacris limbata,"Border Heath, Bordered Heath",Critically Endangered,Plantae,Magnoliopsida,0,0,0,0,0,1,0,0,Plants
Epacris sparsa,-,Endangered,Plantae,Magnoliopsida,0,1,0,0,0,0,0,0,Plants
Epacris stuartii,"Southport Heath, Stuart's Heath",Critically Endangered,Plantae,Magnoliopsida,0,0,0,0,0,1,0,0,Plants
Epacris virgata,"Pretty Heath, Dan Hill Heath",Endangered,Plantae,Magnoliopsida,0,0,0,0,0,1,0,0,Plants
Epilobium brunnescens subsp. beaugleholei,Bog Willow-herb,Vulnerable,Plantae,Magnoliopsida,0,0,0,0,0,0,1,0,Plants
Epinephelus daemelii,"Black Rockcod, Black Cod, Saddled Rockcod",Vulnerable,Animalia,Actinopterygii,0,1,0,1,0,0,1,0,Fish
Epthianura crocea macgregori,"Capricorn Yellow Chat, Yellow Chat (Dawson)",Critically Endangered,Animalia,Aves,0,0,0,1,0,0,0,0,Birds
Epthianura crocea tunneyi,"Alligator Rivers Yellow Chat, Yellow Chat (Alligator Rivers)",Endangered,Animalia,Aves,0,0,1,0,0,0,0,0,Birds
Eremochloa muricata,-,Endangered,Plantae,Liliopsida,0,0,0,1,0,0,0,0,Plants
Eremophila ciliata,-,Endangered,Plantae,Magnoliopsida,0,0,0,0,0,0,0,1,Plants
Eremophila denticulata subsp. denticulata,Fitzgerald Eremophila,Vulnerable,Plantae,Magnoliopsida,0,0,0,0,0,0,0,1,Plants
Eremophila denticulata subsp. trisulcata,Cumquat Eremophila,Endangered,Plantae,Magnoliopsida,0,0,0,0,0,0,0,1,Plants
Eremophila glabra subsp. chlorella,-,Endangered,Plantae,Magnoliopsida,0,0,0,0,0,0,0,1,Plants
Eremophila glabra subsp. Scaddan (C.Turley s.n. 10/11/2005),-,Critically Endangered,Plantae,Magnoliopsida,0,0,0,0,0,0,0,1,Plants
Eremophila koobabbiensis,"Koobabbie Eremophila, Koobabbie Poverty Bush",Critically Endangered,Plantae,Magnoliopsida,0,0,0,0,0,0,0,1,Plants
Eremophila lactea,Milky Emu Bush,Endangered,Plantae,Magnoliopsida,0,0,0,0,0,0,0,1,Plants
Eremophila nivea,Silky Eremophila,Endangered,Plantae,Magnoliopsida,0,0,0,0,0,0,0,1,Plants
Eremophila pinnatifida,Pinnate-leaf Eremophila,Endangered,Plantae,Magnoliopsida,0,0,0,0,0,0,0,1,Plants
Eremophila prostrata,Rainbow Valley Fuchsia Bush,Vulnerable,Plantae,Magnoliopsida,0,0,1,0,0,0,0,0,Plants
Eremophila resinosa,Resinous Eremophila,Endangered,Plantae,Magnoliopsida,0,0,0,0,0,0,0,1,Plants
Eremophila rostrata,Beaked Eremophila,Critically Endangered,Plantae,Magnoliopsida,0,0,0,0,0,0,0,1,Plants
Eremophila scaberula,Rough Emu Bush,Endangered,Plantae,Magnoliopsida,0,0,0,0,0,0,0,1,Plants
Eremophila sp. Narrow leaves (J.D.Start D12-150),-,Critically Endangered,Plantae,Magnoliopsida,0,0,0,0,0,0,0,1,Plants
Eremophila subteretifolia,Lake King Eremophila,Endangered,Plantae,Magnoliopsida,0,0,0,0,0,0,0,1,Plants
Eremophila ternifolia,Wongan Eremophila,Endangered,Plantae,Magnoliopsida,0,0,0,0,0,0,0,1,Plants
Eremophila vernicosa,Resinous Poverty Bush,Vulnerable,Plantae,Magnoliopsida,0,0,0,0,0,0,0,1,Plants
Eremophila verticillata,Whorled Eremophila,Endangered,Plantae,Magnoliopsida,0,0,0,0,0,0,0,1,Plants
Eremophila virens,"Campion Eremophila, Green-flowered Emu bush",Endangered,Plantae,Magnoliopsida,0,0,0,0,0,0,0,1,Plants
Eremophila viscida,Varnish Bush,Endangered,Plantae,Magnoliopsida,0,0,0,0,0,0,0,1,Plants
Eretmochelys imbricata,Hawksbill Turtle,Vulnerable,Animalia,Reptilia,0,1,1,1,0,0,0,1,Reptiles
Eriocaulon australasicum,"Austral Pipewort, Southern Pipewort",Endangered,Plantae,Liliopsida,0,1,0,0,1,0,1,0,Plants
Eriocaulon carsonii,"Salt Pipewort, Button Grass",Endangered,Plantae,Liliopsida,0,1,0,1,1,0,0,0,Plants
Eryngium fontanum,Blue Devil,Endangered,Plantae,Magnoliopsida,0,0,0,1,0,0,0,0,Plants
Erythrotriorchis radiatus,Red Goshawk,Endangered,Animalia,Aves,0,1,1,1,0,0,0,1,Birds
Erythroxylum sp. Cholmondely Creek (J.R.Clarkson 9367) (Northern Territory Population),-,Vulnerable,Plantae,Magnoliopsida,0,0,1,0,0,0,0,0,Plants
Erythrura gouldiae,Gouldian Finch,Endangered,Animalia,Aves,0,0,1,1,0,0,0,1,Birds
Euastacus angustus,"Narrow Euastacus, Slender Dwarf Crayfish, Narrow Dwarf Crayfish",Critically Endangered,Animalia,Malacostraca,0,1,0,0,0,0,0,0,Invertebrates
Euastacus armatus,Murray Crayfish,Vulnerable,Animalia,Malacostraca,1,1,0,0,0,0,1,0,Invertebrates
Euastacus balanensis,Balan Spiny Crayfish,Endangered,Animalia,Malacostraca,0,0,0,1,0,0,0,0,Invertebrates
Euastacus bidawalus,"Bidhawal Crayfish, Bidawal Crayfish, East Gippsland Spiny Crayfish",Endangered,Animalia,Malacostraca,0,1,0,0,0,0,1,0,Invertebrates
Euastacus bindal,Mt Elliot Crayfish,Critically Endangered,Animalia,Malacostraca,0,0,0,1,0,0,0,0,Invertebrates
Euastacus binzayedi,Embezee's Crayfish,Critically Endangered,Animalia,Malacostraca,0,0,0,1,0,0,0,0,Invertebrates
Euastacus bispinosus,"Glenelg Spiny Freshwater Crayfish, Pricklyback",Endangered,Animalia,Malacostraca,0,0,0,0,1,0,1,0,Invertebrates
Euastacus clarkae,"Ellen Clark's Crayfish, Clark's Crayfish",Endangered,Animalia,Malacostraca,0,1,0,0,0,0,0,0,Invertebrates
Euastacus dalagarbe,Mud Gully Crayfish,Critically Endangered,Animalia,Malacostraca,0,1,0,1,0,0,0,0,Invertebrates
Euastacus dharawalus,Fitzroy Falls Spiny Crayfish,Critically Endangered,Animalia,Malacostraca,0,1,0,0,0,0,0,0,Invertebrates
Euastacus diversus,Orbost Spiny Crayfish,Endangered,Animalia,Malacostraca,0,0,0,0,0,0,1,0,Invertebrates
Euastacus eungella,Eungella Spiny Crayfish,Endangered,Animalia,Malacostraca,0,0,0,1,0,0,0,0,Invertebrates
Euastacus fleckeri,"Flecker's Crayfish, Red and Blue Spiny Crayfish",Endangered,Animalia,Malacostraca,0,0,0,1,0,0,0,0,Invertebrates
Euastacus gamilaroi,"Gamilaroi Crayfish, Gamilaroi Spiny Crayfish, Hanging Rock Crayfish",Endangered,Animalia,Malacostraca,0,1,0,0,0,0,0,0,Invertebrates
Euastacus girurmulayn,Smooth Crayfish,Endangered,Animalia,Malacostraca,0,1,0,0,0,0,0,0,Invertebrates
Euastacus gumar,"Bloodclaw Crayfish, Blood Crayfish",Endangered,Animalia,Malacostraca,0,1,0,0,0,0,0,0,Invertebrates
Euastacus guruhgi,Swollen Crayfish,Critically Endangered,Animalia,Malacostraca,0,1,0,0,0,0,0,0,Invertebrates
Euastacus guwinus,Tianjara Crayfish,Critically Endangered,Animalia,Malacostraca,0,1,0,0,0,0,0,0,Invertebrates
Euastacus hystricosus,Conondale Spiny Crayfish,Endangered,Animalia,Malacostraca,0,0,0,1,0,0,0,0,Invertebrates
Euastacus jagabar,Blue-black Crayfish,Critically Endangered,Animalia,Malacostraca,0,1,0,0,0,0,0,0,Invertebrates
Euastacus jagara,Jagara Hairy Crayfish,Critically Endangered,Animalia,Malacostraca,0,0,0,1,0,0,0,0,Invertebrates
Euastacus maccai,Terrestrial Crayfish,Endangered,Animalia,Malacostraca,0,1,0,0,0,0,0,0,Invertebrates
Euastacus maidae,"Hinterland Spiny Crayfish, Hinterland Crayfish",Critically Endangered,Animalia,Malacostraca,0,0,0,1,0,0,0,0,Invertebrates
Euastacus mirangudjin,Orange-bellied Crayfish,Endangered,Animalia,Malacostraca,0,1,0,1,0,0,0,0,Invertebrates
Euastacus monteithorum,"Monteith's Crayfish, Monteith's Spiny Crayfish",Endangered,Animalia,Malacostraca,0,0,0,1,0,0,0,0,Invertebrates
Euastacus morgani,Morgan's Crayfish,Critically Endangered,Animalia,Malacostraca,0,1,0,0,0,0,0,0,Invertebrates
Euastacus polysetosus,Many-bristled Crayfish,Endangered,Animalia,Malacostraca,0,1,0,0,0,0,0,0,Invertebrates
Euastacus rieki,Riek's Crayfish,Endangered,Animalia,Malacostraca,1,1,0,0,0,0,0,0,Invertebrates
Euastacus robertsi,"Robert's Crayfish, Robert's Spiny Crayfish",Endangered,Animalia,Malacostraca,0,0,0,1,0,0,0,0,Invertebrates
Euastacus simplex,"Simple Crayfish, Small Mountain Crayfish",Endangered,Animalia,Malacostraca,0,1,0,0,0,0,0,0,Invertebrates
Euastacus sp. 1 coughrani (McCormack & Fetzner),"Coughran's Crayfish, Arte Spiny Crayfish",Endangered,Animalia,Malacostraca,0,0,0,0,0,0,1,0,Invertebrates
Euastacus spinichelatus,Small Crayfish,Endangered,Animalia,Malacostraca,0,1,0,0,0,0,0,0,Invertebrates
Euastacus suttoni,Sutton's Crayfish,Endangered,Animalia,Malacostraca,0,1,0,1,0,0,0,0,Invertebrates
Euastacus urospinosus,Maleny Crayfish,Endangered,Animalia,Malacostraca,0,0,0,1,0,0,0,0,Invertebrates
Euastacus vesper,Cudgegong Giant Spiny Crayfish,Critically Endangered,Animalia,Malacostraca,0,1,0,0,0,0,0,0,Invertebrates
Euastacus yigara,"Cardwell Crayfish, Cardwell Hairy Crayfish",Critically Endangered,Animalia,Malacostraca,0,0,0,1,0,0,0,0,Invertebrates
Eubalaena australis,Southern Right Whale,Endangered,Animalia,Mammalia,0,1,0,1,1,1,1,1,Mammals
Eucalyptus absita,Badgingarra Box,Endangered,Plantae,Magnoliopsida,0,0,0,0,0,0,0,1,Plants
Eucalyptus aggregata,Black Gum,Vulnerable,Plantae,Magnoliopsida,1,1,0,0,0,0,1,0,Plants
Eucalyptus alligatrix subsp. limaensis,Lima Stringybark,Endangered,Plantae,Magnoliopsida,0,0,0,0,0,0,1,0,Plants
Eucalyptus alligatrix subsp. miscella,a stringybark,Vulnerable,Plantae,Magnoliopsida,0,1,0,0,0,0,0,0,Plants
Eucalyptus aquatica,"Mountain Swamp Gum, Broad-leaved Sallee, Broad-leaved Sally",Critically Endangered,Plantae,Magnoliopsida,0,1,0,0,0,0,0,0,Plants
Eucalyptus argophloia,"Queensland White Gum, Queensland Western White Gum, Lapunyah, Scrub Gum, White Gum",Vulnerable,Plantae,Magnoliopsida,0,0,0,1,0,0,0,0,Plants
Eucalyptus argutifolia,"Yanchep Mallee, Wabling Hill Mallee",Vulnerable,Plantae,Magnoliopsida,0,0,0,0,0,0,0,1,Plants
Eucalyptus articulata,Ponton Creek Mallee,Vulnerable,Plantae,Magnoliopsida,0,0,0,0,0,0,0,1,Plants
Eucalyptus beaniana,Bean's Ironbark,Vulnerable,Plantae,Magnoliopsida,0,0,0,1,0,0,0,0,Plants
Eucalyptus beardiana,Beard's Mallee,Vulnerable,Plantae,Magnoliopsida,0,0,0,0,0,0,0,1,Plants
Eucalyptus benthamii,"Camden White Gum, Nepean River Gum",Critically Endangered,Plantae,Magnoliopsida,0,1,0,0,0,0,0,0,Plants
Eucalyptus boliviana,"Bolivia Stringybark, Bolivia Hill Stringybark",Critically Endangered,Plantae,Magnoliopsida,0,1,0,0,0,0,0,0,Plants
Eucalyptus brevipes,Mukinbudin Mallee,Endangered,Plantae,Magnoliopsida,0,0,0,0,0,0,0,1,Plants
Eucalyptus broviniensis,-,Endangered,Plantae,Magnoliopsida,0,0,0,1,0,0,0,0,Plants
Eucalyptus burdettiana,Burdett Gum,Endangered,Plantae,Magnoliopsida,0,0,0,0,0,0,0,1,Plants
Eucalyptus cadens,Warby Range Swamp Gum,Vulnerable,Plantae,Magnoliopsida,0,0,0,0,0,0,1,0,Plants
Eucalyptus caleyi subsp. ovendenii,Ovenden's Ironbark,Vulnerable,Plantae,Magnoliopsida,0,1,0,0,0,0,0,0,Plants
Eucalyptus camfieldii,Camfield's Stringybark,Vulnerable,Plantae,Magnoliopsida,0,1,0,0,0,0,0,0,Plants
Eucalyptus canobolensis,"Silver-leaf Candlebark, Mt Canobolas Candlebark",Endangered,Plantae,Magnoliopsida,0,1,0,0,0,0,0,0,Plants
Eucalyptus ceracea,Seppelt Range Gum,Vulnerable,Plantae,Magnoliopsida,0,0,0,0,0,0,0,1,Plants
Eucalyptus conglomerata,Swamp Stringybark,Endangered,Plantae,Magnoliopsida,0,0,0,1,0,0,0,0,Plants
Eucalyptus copulans,-,Endangered,Plantae,Magnoliopsida,0,1,0,0,0,0,0,0,Plants
Eucalyptus coronata,Crowned Mallee,Vulnerable,Plantae,Magnoliopsida,0,0,0,0,0,0,0,1,Plants
Eucalyptus crenulata,"Silver Gum, Buxton Gum",Endangered,Plantae,Magnoliopsida,0,0,0,0,0,0,1,0,Plants
Eucalyptus crispata,Yandanooka Mallee,Vulnerable,Plantae,Magnoliopsida,0,0,0,0,0,0,0,1,Plants
Eucalyptus crucis subsp. crucis,Silver Mallee,Vulnerable,Plantae,Magnoliopsida,0,0,0,0,0,0,0,1,Plants
Eucalyptus crucis subsp. praecipua,Paynes Find Mallee,Endangered,Plantae,Magnoliopsida,0,0,0,0,0,0,0,1,Plants
Eucalyptus cuprea,Mallee Box,Endangered,Plantae,Magnoliopsida,0,0,0,0,0,0,0,1,Plants
Eucalyptus dalveenica,Dalveen Blue Box,Critically Endangered,Plantae,Magnoliopsida,0,0,0,1,0,0,0,0,Plants
Eucalyptus dolorosa,"Dandaragan Mallee, Mount Misery Mallee",Endangered,Plantae,Magnoliopsida,0,0,0,0,0,0,0,1,Plants
Eucalyptus forresterae,Brumby Sallee,Endangered,Plantae,Magnoliopsida,0,1,0,0,0,0,1,0,Plants
Eucalyptus glaucina,Slaty Red Gum,Vulnerable,Plantae,Magnoliopsida,0,1,0,1,0,0,0,0,Plants
Eucalyptus gunnii subsp. divaricata,Miena Cider Gum,Endangered,Plantae,Magnoliopsida,0,0,0,0,0,1,0,0,Plants
Eucalyptus hallii,Goodwood Gum,Vulnerable,Plantae,Magnoliopsida,0,0,0,1,0,0,0,0,Plants
Eucalyptus imlayensis,"Imlay Mallee, Mount Imlay Mallee",Critically Endangered,Plantae,Magnoliopsida,0,1,0,0,0,0,0,0,Plants
Eucalyptus impensa,Eneabba Mallee,Endangered,Plantae,Magnoliopsida,0,0,0,0,0,0,0,1,Plants
Eucalyptus infera,Durikai Mallee,Vulnerable,Plantae,Magnoliopsida,0,0,0,1,0,0,0,0,Plants
Eucalyptus insularis,Twin Peak Island Mallee,Endangered,Plantae,Magnoliopsida,0,0,0,0,0,0,0,1,Plants
Eucalyptus johnsoniana,Johnson's Mallee,Vulnerable,Plantae,Magnoliopsida,0,0,0,0,0,0,0,1,Plants
Eucalyptus kabiana,Mount Beerwah Mallee,Vulnerable,Plantae,Magnoliopsida,0,0,0,1,0,0,0,0,Plants
Eucalyptus kartzoffiana,Araluen Gum,Vulnerable,Plantae,Magnoliopsida,0,1,0,0,0,0,0,0,Plants
Eucalyptus langleyi,"Albatross Mallee, Green Mallee Ash",Vulnerable,Plantae,Magnoliopsida,0,1,0,0,0,0,0,0,Plants
Eucalyptus largeana,Craven Grey Box,Endangered,Plantae,Magnoliopsida,0,1,0,0,0,0,0,0,Plants
Eucalyptus lateritica,Laterite Mallee,Vulnerable,Plantae,Magnoliopsida,0,0,0,0,0,0,0,1,Plants
Eucalyptus leprophloia,"Scaly Butt Mallee, Scaly-butt Mallee",Endangered,Plantae,Magnoliopsida,0,0,0,0,0,0,0,1,Plants
Eucalyptus macarthurii,"Camden Woollybutt, Paddys River Box",Endangered,Plantae,Magnoliopsida,0,1,0,0,0,0,0,0,Plants
Eucalyptus mckieana,McKie's Stringybark,Vulnerable,Plantae,Magnoliopsida,0,1,0,0,0,0,0,0,Plants
Eucalyptus merrickiae,Goblet Mallee,Vulnerable,Plantae,Magnoliopsida,0,0,0,0,0,0,0,1,Plants
Eucalyptus mooreana,"Mountain White Gum,  King Leopold Range Mallee, Moore's Gum",Vulnerable,Plantae,Magnoliopsida,0,0,0,0,0,0,0,1,Plants
Eucalyptus morrisbyi,"Morrisby's Gum, Morrisbys Gum",Critically Endangered,Plantae,Magnoliopsida,0,0,0,0,0,1,0,0,Plants
Eucalyptus nicholii,"Narrow-leaved Peppermint, Narrow-leaved Black Peppermint",Vulnerable,Plantae,Magnoliopsida,0,1,0,0,0,0,0,0,Plants
Eucalyptus nudicaulis,Mt Isa Mallee,Endangered,Plantae,Magnoliopsida,0,0,0,1,0,0,0,0,Plants
Eucalyptus pachycalyx subsp. banyabba,Banyabba Shiny-barked Gum,Endangered,Plantae,Magnoliopsida,0,1,0,0,0,0,0,0,Plants
Eucalyptus paedoglauca,Mt Stuart Ironbark,Vulnerable,Plantae,Magnoliopsida,0,0,0,1,0,0,0,0,Plants
Eucalyptus paliformis,Wadbilliga Ash,Critically Endangered,Plantae,Magnoliopsida,0,1,0,0,0,0,0,0,Plants
Eucalyptus paludicola,"Mount Compass Swamp Gum, Fleurieu Swamp Gum, Marsh Gum",Endangered,Plantae,Magnoliopsida,0,0,0,0,1,0,0,0,Plants
Eucalyptus parramattensis subsp. decadens,"Earp's Gum, Earp's Dirty Gum",Vulnerable,Plantae,Magnoliopsida,0,1,0,0,0,0,0,0,Plants
Eucalyptus parvula,Small-leaved Gum,Vulnerable,Plantae,Magnoliopsida,0,1,0,0,0,0,0,0,Plants
Eucalyptus phoenix,Brumby Mallee-gum,Critically Endangered,Plantae,Magnoliopsida,0,0,0,0,0,0,1,0,Plants
Eucalyptus platydisca,Jimberlana Mallee,Vulnerable,Plantae,Magnoliopsida,0,0,0,0,0,0,0,1,Plants
Eucalyptus pruiniramis,"Midlands Gum, Jingymia Gum",Endangered,Plantae,Magnoliopsida,0,0,0,0,0,0,0,1,Plants
Eucalyptus pulverulenta,"Silver-leaved Mountain Gum, Silver-leaved Gum",Vulnerable,Plantae,Magnoliopsida,0,1,0,0,0,0,0,0,Plants
Eucalyptus pumila,Pokolbin Mallee,Vulnerable,Plantae,Magnoliopsida,0,1,0,0,0,0,0,0,Plants
Eucalyptus raveretiana,Black Ironbox,Vulnerable,Plantae,Magnoliopsida,0,0,0,1,0,0,0,0,Plants
Eucalyptus recta,Silver Mallet,Endangered,Plantae,Magnoliopsida,0,0,0,0,0,0,0,1,Plants
Eucalyptus recurva,Mongarlowe Mallee,Critically Endangered,Plantae,Magnoliopsida,0,1,0,0,0,0,0,0,Plants
Eucalyptus rhodantha,Rose Mallee,Vulnerable,Plantae,Magnoliopsida,0,0,0,0,0,0,0,1,Plants
Eucalyptus robertsonii subsp. hemisphaerica,Robertson's Peppermint,Vulnerable,Plantae,Magnoliopsida,0,1,0,0,0,0,0,0,Plants
Eucalyptus rubida subsp. barbigerorum,Blackbutt Candlebark,Vulnerable,Plantae,Magnoliopsida,0,1,0,0,0,0,0,0,Plants
Eucalyptus scoparia,"Wallangarra White Gum, Willow Gum",Vulnerable,Plantae,Magnoliopsida,0,1,0,1,0,0,0,0,Plants
Eucalyptus scopulorum,-,Critically Endangered,Plantae,Magnoliopsida,0,1,0,0,0,0,0,0,Plants
"Eucalyptus sp. Cattai (Gregson s.n., 28 Aug 1954)",-,Critically Endangered,Plantae,Magnoliopsida,0,1,0,0,0,0,0,0,Plants
Eucalyptus steedmanii,Steedmans Gum,Vulnerable,Plantae,Magnoliopsida,0,0,0,0,0,0,0,1,Plants
Eucalyptus stenostoma,Jillaga Ash,Endangered,Plantae,Magnoliopsida,0,1,0,0,0,0,0,0,Plants
Eucalyptus strzeleckii,Strzelecki Gum,Vulnerable,Plantae,Magnoliopsida,0,0,0,0,0,0,1,0,Plants
Eucalyptus sturgissiana,Ettrema Mallee,Endangered,Plantae,Magnoliopsida,0,1,0,0,0,0,0,0,Plants
Eucalyptus suberea,"Cork Mallee, Mount Lesueur Mallee",Vulnerable,Plantae,Magnoliopsida,0,0,0,0,0,0,0,1,Plants
Eucalyptus synandra,Jingymia Mallee,Vulnerable,Plantae,Magnoliopsida,0,0,0,0,0,0,0,1,Plants
Eucalyptus taurina,Helidon Ironbark,Endangered,Plantae,Magnoliopsida,0,0,0,1,0,0,0,0,Plants
Eucalyptus tetrapleura,Square-fruited Ironbark,Vulnerable,Plantae,Magnoliopsida,0,1,0,0,0,0,0,0,Plants
Eucalyptus virens,-,Vulnerable,Plantae,Magnoliopsida,0,0,0,1,0,0,0,0,Plants
Eucalyptus x balanites,"Cadda Road Mallee, Cadda Mallee",Endangered,Plantae,Magnoliopsida,0,0,0,0,0,0,0,1,Plants
Eucalyptus x phylacis,Meelup Mallee,Endangered,Plantae,Magnoliopsida,0,0,0,0,0,0,0,1,Plants
Eucryphia wilkiei,-,Vulnerable,Plantae,Magnoliopsida,0,0,0,1,0,0,0,0,Plants
Eulamprus kosciuskoi,Alpine Water Skink,Vulnerable,Animalia,Reptilia,1,1,0,0,0,0,1,0,Reptiles
Eulamprus leuraensis,Blue Mountains Water Skink,Endangered,Animalia,Reptilia,0,1,0,0,0,0,0,0,Reptiles
Eulamprus tympanum marnieae,"Corangamite Water Skink, Dreeite Water Skink",Endangered,Animalia,Reptilia,0,0,0,0,0,0,1,0,Reptiles
Euphorbia carissoides,-,Vulnerable,Plantae,Magnoliopsida,0,0,0,1,0,0,0,0,Plants
Euphorbia norfolkiana,Norfolk Island Euphorbia,Critically Endangered,Plantae,Magnoliopsida,0,0,0,0,0,0,0,0,Plants
Euphorbia obliqua,a herb,Vulnerable,Plantae,Magnoliopsida,0,0,0,1,0,0,0,0,Plants
Euphrasia amphisysepala,Shiny Cliff Eyebright,Vulnerable,Plantae,Magnoliopsida,0,0,0,0,0,1,0,0,Plants
Euphrasia arguta,-,Critically Endangered,Plantae,Magnoliopsida,0,1,0,0,0,0,0,0,Plants
Euphrasia bella,"Lamington Eyebright, Mt. Merino Eyebright",Vulnerable,Plantae,Magnoliopsida,0,1,0,1,0,0,0,0,Plants
Euphrasia bowdeniae,-,Vulnerable,Plantae,Magnoliopsida,0,1,0,0,0,0,0,0,Plants
Euphrasia collina subsp. muelleri,"Purple Eyebright, Mueller's Eyebright",Endangered,Plantae,Magnoliopsida,0,1,0,0,1,0,1,0,Plants
Euphrasia collina subsp. osbornii,Osborn's Eyebright,Endangered,Plantae,Magnoliopsida,0,0,0,0,1,0,0,0,Plants
Euphrasia crassiuscula subsp. glandulifera,Thick Eyebright,Vulnerable,Plantae,Magnoliopsida,0,0,0,0,0,0,1,0,Plants
Euphrasia eichleri,Bogong Eyebright,Vulnerable,Plantae,Magnoliopsida,0,0,0,0,0,0,1,0,Plants
Euphrasia fragosa,"Shy Eyebright, Southport Eyebright",Critically Endangered,Plantae,Magnoliopsida,0,0,0,0,0,1,0,0,Plants
Euphrasia gibbsiae subsp. psilantherea,Swamp Eyebright,Critically Endangered,Plantae,Magnoliopsida,0,0,0,0,0,1,0,0,Plants
Euphrasia phragmostoma,"Bufton's Eyebright, Hairy Cliff Eyebright",Vulnerable,Plantae,Magnoliopsida,0,0,0,0,0,1,0,0,Plants
Euphrasia semipicta,Peninsula Eyebright,Endangered,Plantae,Magnoliopsida,0,0,0,0,0,1,0,0,Plants
Euphrasia sp. Bivouac Bay (W.R.Barker 7626 et al.),"Masked Eyebright, Masked Cliff Eyebright",Endangered,Plantae,Magnoliopsida,0,0,0,0,0,1,0,0,Plants
Falco hypoleucos,Grey Falcon,Vulnerable,Animalia,Aves,1,1,1,1,1,0,1,1,Birds
Falcunculus frontatus whitei,"Crested Shrike-tit (northern), Northern Shrike-tit",Vulnerable,Animalia,Aves,0,0,1,0,0,0,0,1,Birds
Fimbristylis adjuncta,-,Endangered,Plantae,Liliopsida,0,0,0,1,0,0,0,0,Plants
Floydia praealta,"Ball Nut, Possum Nut, Big Nut, Beefwood",Vulnerable,Plantae,Magnoliopsida,0,1,0,1,0,0,0,0,Plants
Fontainea australis,Southern Fontainea,Vulnerable,Plantae,Magnoliopsida,0,1,0,1,0,0,0,0,Plants
Fontainea oraria,Coastal Fontainea,Critically Endangered,Plantae,Magnoliopsida,0,1,0,0,0,0,0,0,Plants
Fontainea rostrata,-,Vulnerable,Plantae,Magnoliopsida,0,0,0,1,0,0,0,0,Plants
"Fontainea sp. Coffs Harbour (A.S.Benwell 341, NSW1102027)",-,Critically Endangered,Plantae,Magnoliopsida,0,1,0,0,0,0,0,0,Plants
Fontainea venosa,-,Vulnerable,Plantae,Magnoliopsida,0,0,0,1,0,0,0,0,Plants
Frankenia conferta,Silky Frankenia,Endangered,Plantae,Magnoliopsida,0,0,0,0,0,0,0,1,Plants
Frankenia parvula,Short-leaved Frankenia,Endangered,Plantae,Magnoliopsida,0,0,0,0,0,0,0,1,Plants
Frankenia plicata,-,Endangered,Plantae,Magnoliopsida,0,0,0,0,1,0,0,0,Plants
Fregata andrewsi,"Christmas Island Frigatebird, Andrew's Frigatebird",Endangered,Animalia,Aves,0,0,0,0,0,0,0,0,Birds
Fregetta grallaria grallaria,"White-bellied Storm-Petrel (Tasman Sea), White-bellied Storm-Petrel (Australasian)",Vulnerable,Animalia,Aves,0,1,0,1,0,1,1,0,Birds
Furina dunmalli,Dunmall's Snake,Vulnerable,Animalia,Reptilia,0,1,0,1,0,0,0,0,Reptiles
Gadopsis sp. SWV,Western Victorian Blackfish,Endangered,Animalia,Actinopterygii,0,0,0,0,0,0,1,0,Fish
Galaxias aequipinnis,East Gippsland Galaxias,Critically Endangered,Animalia,Actinopterygii,0,0,0,0,0,0,1,0,Fish
Galaxias auratus,Golden Galaxias,Endangered,Animalia,Actinopterygii,0,0,0,0,0,1,0,0,Fish
Galaxias brevissimus,Short-tail Galaxias,Critically Endangered,Animalia,Actinopterygii,0,1,0,0,0,0,0,0,Fish
Galaxias fontanus,Swan Galaxias,Endangered,Animalia,Actinopterygii,0,0,0,0,0,1,0,0,Fish
Galaxias fuscus,Barred Galaxias,Endangered,Animalia,Actinopterygii,0,0,0,0,0,0,1,0,Fish
Galaxias gunaikurnai,Shaw Galaxias,Critically Endangered,Animalia,Actinopterygii,0,0,0,0,0,0,1,0,Fish
Galaxias johnstoni,Clarence Galaxias,Endangered,Animalia,Actinopterygii,0,0,0,0,0,1,0,0,Fish
Galaxias lanceolatus,Tapered Galaxias,Critically Endangered,Animalia,Actinopterygii,0,0,0,0,0,0,1,0,Fish
Galaxias longifundus,West Gippsland Galaxias,Critically Endangered,Animalia,Actinopterygii,0,0,0,0,0,0,1,0,Fish
Galaxias mcdowalli,McDowall's Galaxias,Critically Endangered,Animalia,Actinopterygii,0,0,0,0,0,0,1,0,Fish
Galaxias mungadhan,Dargo Galaxias,Critically Endangered,Animalia,Actinopterygii,0,0,0,0,0,0,1,0,Fish
Galaxias parvus,Swamp Galaxias,Vulnerable,Animalia,Actinopterygii,0,0,0,0,0,1,0,0,Fish
Galaxias rostratus,"Flathead Galaxias, Beaked Minnow, Flat-headed Galaxias, Flat-headed Jollytail, Flat-headed Minnow",Critically Endangered,Animalia,Actinopterygii,0,1,0,0,1,0,1,0,Fish
Galaxias sp. nov. 'Hunter',"Hunter Galaxias, Hunter Upland Galaxias",Critically Endangered,Animalia,Actinopterygii,0,1,0,0,0,0,0,0,Fish
Galaxias sp. nov. 'Moroka',Moroka Galaxias,Critically Endangered,Animalia,Actinopterygii,0,0,0,0,0,0,1,0,Fish
Galaxias sp. nov. 'Morwell',Morwell Galaxias,Critically Endangered,Animalia,Actinopterygii,0,0,0,0,0,0,1,0,Fish
Galaxias sp. nov. 'Yalmy',Yalmy Galaxias,Critically Endangered,Animalia,Actinopterygii,0,0,0,0,0,0,1,0,Fish
Galaxias supremus,Kosciuszko Galaxias,Critically Endangered,Animalia,Actinopterygii,0,1,0,0,0,0,0,0,Fish
Galaxias tantangara,Stocky Galaxias,Critically Endangered,Animalia,Actinopterygii,0,1,0,0,0,0,0,0,Fish
Galaxias tanycephalus,Saddled Galaxias,Vulnerable,Animalia,Actinopterygii,0,0,0,0,0,1,0,0,Fish
Galaxias terenasus,Roundsnout Galaxias,Endangered,Animalia,Actinopterygii,0,1,0,0,0,0,1,0,Fish
Galaxias truttaceus (Western Australian population),Western Trout Minnow,Endangered,Animalia,Actinopterygii,0,0,0,0,0,0,0,1,Fish
Galaxiella munda,"Western Dwarf Galaxias, Western Mud Minnow",Vulnerable,Animalia,Actinopterygii,0,0,0,0,0,0,0,1,Fish
Galaxiella nigrostriata,"Blackstriped Dwarf Galaxias, Black-stripe Minnow",Endangered,Animalia,Actinopterygii,0,0,0,0,0,0,0,1,Fish
Galaxiella pusilla,"Eastern Dwarf Galaxias, Dwarf Galaxias",Endangered,Animalia,Actinopterygii,0,0,0,0,0,1,1,0,Fish
Galium antarcticum,Subantarctic Bedstraw,Critically Endangered,Plantae,Magnoliopsida,0,0,0,0,0,1,0,0,Plants
Gallinago hardwickii,"Latham's Snipe, Japanese Snipe",Vulnerable,Animalia,Aves,1,1,0,1,1,1,1,0,Birds
Gardenia actinocarpa,-,Endangered,Plantae,Magnoliopsida,0,0,0,1,0,0,0,0,Plants
Gardenia psidioides,Hann Gardenia,Vulnerable,Plantae,Magnoliopsida,0,0,0,1,0,0,0,0,Plants
Gastrolobium appressum,Scale-leaf Poison,Vulnerable,Plantae,Magnoliopsida,0,0,0,0,0,0,0,1,Plants
Gastrolobium argyrotrichum,Metricup Pea,Critically Endangered,Plantae,Magnoliopsida,0,0,0,0,0,0,0,1,Plants
Gastrolobium diabolophyllum,Bodallin Poison,Critically Endangered,Plantae,Magnoliopsida,0,0,0,0,0,0,0,1,Plants
Gastrolobium glaucum,"Spike Poison, Wongan Poison",Endangered,Plantae,Magnoliopsida,0,0,0,0,0,0,0,1,Plants
Gastrolobium graniticum,Granite Poison,Endangered,Plantae,Magnoliopsida,0,0,0,0,0,0,0,1,Plants
Gastrolobium hamulosum,Hook-point Poison,Endangered,Plantae,Magnoliopsida,0,0,0,0,0,0,0,1,Plants
Gastrolobium humile,-,Endangered,Plantae,Magnoliopsida,0,0,0,0,0,0,0,1,Plants
Gastrolobium lehmannii,Cranbrook Pea,Vulnerable,Plantae,Magnoliopsida,0,0,0,0,0,0,0,1,Plants
Gastrolobium luteifolium,Yellow-leafed Gastrolobium,Critically Endangered,Plantae,Magnoliopsida,0,0,0,0,0,0,0,1,Plants
Gastrolobium modestum,Broad-leaved Gastrolobium,Vulnerable,Plantae,Magnoliopsida,0,0,0,0,0,0,0,1,Plants
Gastrolobium papilio,Butterfly-leaved Gastrolobium,Endangered,Plantae,Magnoliopsida,0,0,0,0,0,0,0,1,Plants
Gastrolobium vestitum,-,Critically Endangered,Plantae,Magnoliopsida,0,0,0,0,0,0,0,1,Plants
Gaultheria viridicarpa,Green Waxberry,Endangered,Plantae,Magnoliopsida,0,1,0,1,0,0,0,0,Plants
Geniostoma huttonii,-,Endangered,Plantae,Magnoliopsida,0,1,0,0,0,0,0,0,Plants
Genoplesium baueri,"Yellow Gnat-orchid, Bauer's Midge Orchid, Brittle Midge Orchid",Endangered,Plantae,Liliopsida,0,1,0,0,0,0,0,0,Plants
Genoplesium plumosum,"Plumed Midge-orchid, Tallong Midge Orchid",Endangered,Plantae,Liliopsida,0,1,0,0,0,0,0,0,Plants
Genoplesium rhyoliticum,Pambula Midge-orchid,Endangered,Plantae,Liliopsida,0,1,0,0,0,0,0,0,Plants
Genoplesium tectum,Cardwell Midge Orchid,Endangered,Plantae,Liliopsida,0,0,0,1,0,0,0,0,Plants
Genoplesium vernale,East Lynne Midge-orchid,Vulnerable,Plantae,Liliopsida,0,1,0,0,0,0,0,0,Plants
Gentiana baeuerlenii,Baeuerlen's Gentian,Critically Endangered,Plantae,Magnoliopsida,1,1,0,0,0,0,0,0,Plants
Gentiana bredboensis,Bredbo Gentian,Critically Endangered,Plantae,Magnoliopsida,0,1,0,0,0,0,0,0,Plants
Gentiana wingecarribiensis,Wingecarribee Gentian,Endangered,Plantae,Magnoliopsida,0,1,0,0,0,0,0,0,Plants
Gentiana wissmannii,New England Gentian,Critically Endangered,Plantae,Magnoliopsida,0,1,0,0,0,0,0,0,Plants
Geocrinia alba,"White-bellied Frog, Creek Frog",Critically Endangered,Animalia,Amphibia,0,0,0,0,0,0,0,1,Frogs
Geocrinia vitellina,Orange-bellied Frog,Vulnerable,Animalia,Amphibia,0,0,0,0,0,0,0,1,Frogs
Geophaps scripta scripta,Squatter Pigeon (southern),Vulnerable,Animalia,Aves,0,1,0,1,0,0,0,0,Birds
Geophaps smithii blaauwi,Partridge Pigeon (western),Vulnerable,Animalia,Aves,0,0,0,0,0,0,0,1,Birds
Geophaps smithii smithii,Partridge Pigeon (eastern),Vulnerable,Animalia,Aves,0,0,1,0,0,0,0,1,Birds
Germainia capitata,-,Vulnerable,Plantae,Liliopsida,0,0,0,1,0,0,0,0,Plants
Gingidia rupicola,"Mountain Angelica, Broad-leafed Carrot",Endangered,Plantae,Magnoliopsida,0,1,0,0,0,0,0,0,Plants
Glyceria drummondii,Nangetty Grass,Endangered,Plantae,Liliopsida,0,0,0,0,0,0,0,1,Plants
Glycine latrobeana,"Clover Glycine, Purple Clover",Vulnerable,Plantae,Magnoliopsida,0,1,0,0,1,1,1,0,Plants
Glyphis garricki,"Northern River Shark, New Guinea River Shark",Endangered,Animalia,Chondrichthyes,0,0,1,0,0,0,0,1,Fish
Glyphis glyphis,Speartooth Shark,Critically Endangered,Animalia,Chondrichthyes,0,0,1,1,0,0,0,0,Fish
Goodenia arthrotricha,-,Endangered,Plantae,Magnoliopsida,0,0,0,0,0,0,0,1,Plants
Goodenia integerrima,Gypsum Goodenia,Vulnerable,Plantae,Magnoliopsida,0,0,0,0,0,0,0,1,Plants
Goodenia quadrifida,-,Vulnerable,Plantae,Magnoliopsida,0,0,1,0,0,0,0,0,Plants
Gossia fragrantissima,"Sweet Myrtle, Small-leaved Myrtle",Endangered,Plantae,Magnoliopsida,0,1,0,1,0,0,0,0,Plants
Gossia gonoclada,Angle-stemmed Myrtle,Endangered,Plantae,Magnoliopsida,0,0,0,1,0,0,0,0,Plants
Grammosolen odgersii subsp. occidentalis,"Western Woolly Cyphanthera, Western Cyphanthera",Endangered,Plantae,Magnoliopsida,0,0,0,0,0,0,0,1,Plants
Grantiella picta,Painted Honeyeater,Vulnerable,Animalia,Aves,1,1,1,1,1,0,1,0,Birds
Graptophyllum ilicifolium,"Holly-leaved Graptophyllum, Mt Blackwood Holly",Vulnerable,Plantae,Magnoliopsida,0,0,0,1,0,0,0,0,Plants
Graptophyllum reticulatum,Veiny Graptophyllum,Endangered,Plantae,Magnoliopsida,0,0,0,1,0,0,0,0,Plants
Grevillea acanthifolia subsp. paludosa,Bog Grevillea,Endangered,Plantae,Magnoliopsida,0,1,0,0,0,0,0,0,Plants
Grevillea acropogon,-,Endangered,Plantae,Magnoliopsida,0,0,0,0,0,0,0,1,Plants
Grevillea althoferorum,-,Endangered,Plantae,Magnoliopsida,0,0,0,0,0,0,0,1,Plants
Grevillea banyabba,-,Vulnerable,Plantae,Magnoliopsida,0,1,0,0,0,0,0,0,Plants
Grevillea batrachioides,Mt Lesueur Grevillea,Endangered,Plantae,Magnoliopsida,0,0,0,0,0,0,0,1,Plants
Grevillea beadleana,Beadle's Grevillea,Endangered,Plantae,Magnoliopsida,0,1,0,0,0,0,0,0,Plants
Grevillea bedggoodiana,Enfield Grevillea,Vulnerable,Plantae,Magnoliopsida,0,0,0,0,0,0,1,0,Plants
Grevillea brachystylis subsp. australis,-,Vulnerable,Plantae,Magnoliopsida,0,0,0,0,0,0,0,1,Plants
Grevillea brachystylis subsp. grandis,Large-flowered Short-styled Grevillea,Critically Endangered,Plantae,Magnoliopsida,0,0,0,0,0,0,0,1,Plants
Grevillea bracteosa subsp. howatharra,-,Critically Endangered,Plantae,Magnoliopsida,0,0,0,0,0,0,0,1,Plants
Grevillea burrowa,Burrowa Grevillea,Critically Endangered,Plantae,Magnoliopsida,0,0,0,0,0,0,1,0,Plants
Grevillea caleyi,Caley's Grevillea,Critically Endangered,Plantae,Magnoliopsida,0,1,0,0,0,0,0,0,Plants
Grevillea calliantha,"Foote's Grevillea, Cataby Grevillea, Black Magic Grevillea",Endangered,Plantae,Magnoliopsida,0,0,0,0,0,0,0,1,Plants
Grevillea celata,"Colquhoun Grevillea, Nowa Nowa Grevillea",Vulnerable,Plantae,Magnoliopsida,0,0,0,0,0,0,1,0,Plants
Grevillea christineae,Christine's Grevillea,Endangered,Plantae,Magnoliopsida,0,0,0,0,0,0,0,1,Plants
Grevillea corrugata,a shrub,Endangered,Plantae,Magnoliopsida,0,0,0,0,0,0,0,1,Plants
Grevillea curviloba subsp. curviloba,Curved-leaf Grevillea,Endangered,Plantae,Magnoliopsida,0,0,0,0,0,0,0,1,Plants
Grevillea curviloba subsp. incurva,Narrow curved-leaf Grevillea,Endangered,Plantae,Magnoliopsida,0,0,0,0,0,0,0,1,Plants
Grevillea dryandroides subsp. dryandroides,Phalanx Grevillea,Endangered,Plantae,Magnoliopsida,0,0,0,0,0,0,0,1,Plants
Grevillea dryandroides subsp. hirsuta,Hairy Phalanx Grevillea,Endangered,Plantae,Magnoliopsida,0,0,0,0,0,0,0,1,Plants
Grevillea elongata,Ironstone Grevillea,Vulnerable,Plantae,Magnoliopsida,0,0,0,0,0,0,0,1,Plants
Grevillea evansiana,-,Vulnerable,Plantae,Magnoliopsida,0,1,0,0,0,0,0,0,Plants
Grevillea flexuosa,Zig Zag Grevillea,Vulnerable,Plantae,Magnoliopsida,0,0,0,0,0,0,0,1,Plants
Grevillea floripendula,"Drooping Grevillea, Ben Major Grevillea",Vulnerable,Plantae,Magnoliopsida,0,0,0,0,0,0,1,0,Plants
Grevillea glossadenia,-,Vulnerable,Plantae,Magnoliopsida,0,0,0,1,0,0,0,0,Plants
Grevillea guthrieana,-,Endangered,Plantae,Magnoliopsida,0,1,0,0,0,0,0,0,Plants
Grevillea hodgei,Coochin Hills Grevillea,Critically Endangered,Plantae,Magnoliopsida,0,0,0,1,0,0,0,0,Plants
Grevillea humifusa,Spreading Grevillea,Endangered,Plantae,Magnoliopsida,0,0,0,0,0,0,0,1,Plants
Grevillea iaspicula,Wee Jasper Grevillea,Endangered,Plantae,Magnoliopsida,0,1,0,0,0,0,0,0,Plants
Grevillea infecunda,Anglesea Grevillea,Vulnerable,Plantae,Magnoliopsida,0,0,0,0,0,0,1,0,Plants
Grevillea infundibularis,Fan-leaf Grevillea,Endangered,Plantae,Magnoliopsida,0,0,0,0,0,0,0,1,Plants
Grevillea involucrata,Lake Varley Grevillea,Endangered,Plantae,Magnoliopsida,0,0,0,0,0,0,0,1,Plants
Grevillea jephcottii,"Pine Mountain Grevillea, Green Grevillea",Endangered,Plantae,Magnoliopsida,0,0,0,0,0,0,1,0,Plants
Grevillea kennedyana,Flame Spider-flower,Vulnerable,Plantae,Magnoliopsida,0,1,0,1,0,0,0,0,Plants
Grevillea maccutcheonii,McCutcheon's Grevillea,Endangered,Plantae,Magnoliopsida,0,0,0,0,0,0,0,1,Plants
Grevillea masonii,-,Endangered,Plantae,Magnoliopsida,0,1,0,0,0,0,0,0,Plants
Grevillea maxwellii,Maxwell's Grevillea,Endangered,Plantae,Magnoliopsida,0,0,0,0,0,0,0,1,Plants
Grevillea mollis,-,Endangered,Plantae,Magnoliopsida,0,1,0,0,0,0,0,0,Plants
Grevillea molyneuxii,-,Endangered,Plantae,Magnoliopsida,0,1,0,0,0,0,0,0,Plants
Grevillea montis-cole subsp. brevistyla,Langi Ghiran Grevillea,Vulnerable,Plantae,Magnoliopsida,0,0,0,0,0,0,1,0,Plants
Grevillea murex,-,Endangered,Plantae,Magnoliopsida,0,0,0,0,0,0,0,1,Plants
Grevillea obtusiflora,Grey Grevillea,Endangered,Plantae,Magnoliopsida,0,1,0,0,0,0,0,0,Plants
Grevillea parviflora subsp. parviflora,Small-flower Grevillea,Vulnerable,Plantae,Magnoliopsida,0,1,0,0,0,0,0,0,Plants
Grevillea pythara,Pythara Grevillea,Endangered,Plantae,Magnoliopsida,0,0,0,0,0,0,0,1,Plants
Grevillea quadricauda,-,Vulnerable,Plantae,Magnoliopsida,0,1,0,1,0,0,0,0,Plants
Grevillea rara,Rare Grevillea,Endangered,Plantae,Magnoliopsida,0,0,0,0,0,0,0,1,Plants
Grevillea raybrownii,-,Vulnerable,Plantae,Magnoliopsida,0,1,0,0,0,0,0,0,Plants
Grevillea rhizomatosa,-,Endangered,Plantae,Magnoliopsida,0,1,0,0,0,0,0,0,Plants
Grevillea rivularis,Carrington Falls Grevillea,Critically Endangered,Plantae,Magnoliopsida,0,1,0,0,0,0,0,0,Plants
Grevillea scapigera,Corrigin Grevillea,Endangered,Plantae,Magnoliopsida,0,0,0,0,0,0,0,1,Plants
Grevillea scortechinii subsp. scortechinii,Black Grevillea,Critically Endangered,Plantae,Magnoliopsida,0,0,0,1,0,0,0,0,Plants
Grevillea shiressii,-,Vulnerable,Plantae,Magnoliopsida,0,1,0,0,0,0,0,0,Plants
Grevillea sp. Gillingarra (R.J.Cranfield 4087),-,Critically Endangered,Plantae,Magnoliopsida,0,0,0,0,0,0,0,1,Plants
Grevillea thelemanniana,Spider Net Grevillea,Critically Endangered,Plantae,Magnoliopsida,0,0,0,0,0,0,0,1,Plants
Grevillea treueriana,"Mt Finke Grevillea, Scarlet Grevillea",Vulnerable,Plantae,Magnoliopsida,0,0,0,0,1,0,0,0,Plants
Grevillea wilkinsonii,Tumut Grevillea,Critically Endangered,Plantae,Magnoliopsida,0,1,0,0,0,0,0,0,Plants
Gudeoconcha sophiae magnifica,Magnificent Helicarionid Land Snail,Critically Endangered,Animalia,Gastropoda,0,1,0,0,0,0,0,0,Invertebrates
Guichenotia seorsiflora,-,Critically Endangered,Plantae,Magnoliopsida,0,0,0,0,0,0,0,1,Plants
Gymnobelideus leadbeateri,Leadbeater's Possum,Critically Endangered,Animalia,Mammalia,0,0,0,0,0,0,1,0,Mammals
Gyrostemon reticulatus,Net-veined Gyrostemon,Critically Endangered,Plantae,Magnoliopsida,0,0,0,0,0,0,0,1,Plants
Habenaria maccraithii,Whiskered Rein Orchid,Endangered,Plantae,Liliopsida,0,0,0,1,0,0,0,0,Plants
Hakea aculeata,Column Hakea,Vulnerable,Plantae,Magnoliopsida,0,0,0,0,0,0,0,1,Plants
Hakea archaeoides,-,Vulnerable,Plantae,Magnoliopsida,0,1,0,0,0,0,0,0,Plants
Hakea dohertyi,Kowmung Hakea,Critically Endangered,Plantae,Magnoliopsida,0,1,0,0,0,0,0,0,Plants
Hakea fraseri,"Gnarled Corkbark, Fraser's Hakea",Vulnerable,Plantae,Magnoliopsida,0,1,0,0,0,0,0,0,Plants
Hakea maconochieana,-,Vulnerable,Plantae,Magnoliopsida,0,0,0,1,0,0,0,0,Plants
Hakea macrorrhyncha,-,Endangered,Plantae,Magnoliopsida,0,1,0,1,0,0,0,0,Plants
Hakea megalosperma,Lesueur Hakea,Vulnerable,Plantae,Magnoliopsida,0,0,0,0,0,0,0,1,Plants
Hakea pulvinifera,Lake Keepit Hakea,Endangered,Plantae,Magnoliopsida,0,1,0,0,0,0,0,0,Plants
Hakea trineura,Three-veined Hakea,Vulnerable,Plantae,Magnoliopsida,0,0,0,1,0,0,0,0,Plants
Haliotis rubiginosa,Lord Howe Abalone,Critically Endangered,Animalia,Gastropoda,0,1,0,0,0,0,0,0,Invertebrates
Halobaena caerulea,Blue Petrel,Vulnerable,Animalia,Aves,0,1,0,1,1,1,1,1,Birds
Haloragis exalata subsp. exalata,"Wingless Raspwort, Square Raspwort",Vulnerable,Plantae,Magnoliopsida,0,1,0,0,1,0,1,0,Plants
Haloragis exalata subsp. velutina,Tall Velvet Sea-berry,Vulnerable,Plantae,Magnoliopsida,0,1,0,1,0,0,0,0,Plants
Haloragis eyreana,Prickly Raspwort,Endangered,Plantae,Magnoliopsida,0,0,0,0,1,0,0,0,Plants
Haloragis platycarpa,Broad-fruited Haloragis,Critically Endangered,Plantae,Magnoliopsida,0,0,0,0,0,0,0,1,Plants
Haloragodendron lucasii,Hal,Endangered,Plantae,Magnoliopsida,0,1,0,0,0,0,0,0,Plants
Harrisoniascincus zia,Rainforest Cool-skink,Vulnerable,Animalia,Reptilia,0,1,0,1,0,0,0,0,Reptiles
Heleioporus australiacus australiacus,"Giant Burrowing Frog, Eastern Owl Frog",Endangered,Animalia,Amphibia,0,1,0,0,0,0,0,0,Frogs
Heleioporus australiacus flavopunctatus,"Southern Owl Frog, Southern Giant Burrowing Frog",Endangered,Animalia,Amphibia,0,1,0,0,0,0,1,0,Frogs
Helichrysum calvertianum,-,Vulnerable,Plantae,Magnoliopsida,0,1,0,0,0,0,0,0,Plants
Helicteres macrothrix,-,Endangered,Plantae,Magnoliopsida,0,0,1,0,0,0,0,0,Plants
Hemiandra gardneri,Red Snakebush,Endangered,Plantae,Magnoliopsida,0,0,0,0,0,0,0,1,Plants
Hemiandra rutilans,"Sargents Snakebush, Colourful Snakebush",Endangered,Plantae,Magnoliopsida,0,0,0,0,0,0,0,1,Plants
Hemiaspis damelii,Grey Snake,Endangered,Animalia,Reptilia,0,1,0,1,0,0,0,0,Reptiles
Hemibelideus lemuroides,Lemuroid Ringtail Possum,Endangered,Animalia,Mammalia,0,0,0,1,0,0,0,0,Mammals
Hemigenia ramosissima,Branched Hemigenia,Critically Endangered,Plantae,Magnoliopsida,0,0,0,0,0,0,0,1,Plants
Hensmania chapmanii,Chapman's Hensmania,Vulnerable,Plantae,Liliopsida,0,0,0,0,0,0,0,1,Plants
Hesperocolletes douglasi,"Douglas' Broad-headed Bee, Rottnest Bee",Critically Endangered,Animalia,Insecta,0,0,0,0,0,0,0,1,Invertebrates
Hexaspora pubescens,-,Vulnerable,Plantae,Magnoliopsida,0,0,0,1,0,0,0,0,Plants
Hibbertia abyssus,Bandalup Buttercup,Critically Endangered,Plantae,Magnoliopsida,0,0,0,0,0,0,0,1,Plants
Hibbertia acaulothrix,-,Endangered,Plantae,Magnoliopsida,0,1,0,0,0,0,0,0,Plants
Hibbertia basaltica,Basalt Guinea-flower,Endangered,Plantae,Magnoliopsida,0,0,0,0,0,1,0,0,Plants
Hibbertia circinata,-,Critically Endangered,Plantae,Magnoliopsida,0,1,0,0,0,0,0,0,Plants
Hibbertia cistiflora subsp. quadristaminea,-,Endangered,Plantae,Magnoliopsida,0,1,0,0,0,0,0,0,Plants
Hibbertia crispula,Ooldea Guinea-flower,Vulnerable,Plantae,Magnoliopsida,0,0,0,0,1,0,0,1,Plants
Hibbertia humifusa subsp. debilis,Dergholm Guinea-flower,Vulnerable,Plantae,Magnoliopsida,0,0,0,0,0,0,1,0,Plants
Hibbertia humifusa subsp. erigens,Euroa Guinea-flower,Vulnerable,Plantae,Magnoliopsida,0,0,0,0,0,0,1,0,Plants
Hibbertia marginata,-,Vulnerable,Plantae,Magnoliopsida,0,1,0,0,0,0,0,0,Plants
Hibbertia praemorsa,Bundanoon Guinea-flower,Endangered,Plantae,Magnoliopsida,0,1,0,0,0,0,0,0,Plants
Hibbertia priceana,-,Critically Endangered,Plantae,Magnoliopsida,0,0,0,0,0,0,0,1,Plants
Hibbertia puberula subsp. glabrescens,-,Critically Endangered,Plantae,Magnoliopsida,0,1,0,0,0,0,0,0,Plants
Hibbertia sp. Toolbrunup (J.R.Wheeler 2504),-,Critically Endangered,Plantae,Magnoliopsida,0,0,0,0,0,0,0,1,Plants
Hibbertia spanantha,Julian's Hibbertia,Critically Endangered,Plantae,Magnoliopsida,0,1,0,0,0,0,0,0,Plants
Hibbertia superans,-,Critically Endangered,Plantae,Magnoliopsida,0,1,0,0,0,0,0,0,Plants
Hibbertia tenuis,Yundi Guinea-flower,Critically Endangered,Plantae,Magnoliopsida,0,0,0,0,1,0,0,0,Plants
Hibbertia wheelerae,Wheeler's Buttercup,Critically Endangered,Plantae,Magnoliopsida,0,0,0,0,0,0,0,1,Plants
Hibiscus brennanii,a shrub,Vulnerable,Plantae,Magnoliopsida,0,0,1,0,0,0,0,0,Plants
Hibiscus cravenii,-,Vulnerable,Plantae,Magnoliopsida,0,0,1,0,0,0,0,0,Plants
Hibiscus insularis,Phillip Island Hibiscus,Critically Endangered,Plantae,Magnoliopsida,0,0,0,0,0,0,0,0,Plants
Hicksbeachia pinnatifolia,"Monkey Nut, Bopple Nut, Red Bopple, Red Bopple Nut, Red Nut, Beef Nut, Red Apple Nut, Red Boppel Nut, Ivory Silky Oak",Vulnerable,Plantae,Magnoliopsida,0,1,0,1,0,0,0,0,Plants
Hippocampus whitei,"White's Seahorse, Crowned Seahorse, Sydney Seahorse",Endangered,Animalia,Actinopterygii,0,1,0,1,0,0,0,0,Fish
Hipposideros inornatus,Arnhem Leaf-nosed Bat,Endangered,Animalia,Mammalia,0,0,1,0,0,0,0,0,Mammals
Hipposideros semoni,"Semon's Leaf-nosed Bat, Greater Wart-nosed Horseshoe-bat",Vulnerable,Animalia,Mammalia,0,0,0,1,0,0,0,0,Mammals
Hirundapus caudacutus,White-throated Needletail,Vulnerable,Animalia,Aves,1,1,0,1,1,1,1,0,Birds
Homopholis belsonii,Belson's Panic,Vulnerable,Plantae,Liliopsida,0,1,0,1,0,0,0,0,Plants
Homoranthus bebo,-,Critically Endangered,Plantae,Magnoliopsida,0,1,0,0,0,0,0,0,Plants
Homoranthus bruhlii,-,Critically Endangered,Plantae,Magnoliopsida,0,1,0,0,0,0,0,0,Plants
Homoranthus croftianus,Bolivia Homoranthus,Critically Endangered,Plantae,Magnoliopsida,0,1,0,0,0,0,0,0,Plants
Homoranthus darwinioides,-,Vulnerable,Plantae,Magnoliopsida,0,1,0,0,0,0,0,0,Plants
Homoranthus decumbens,a shrub,Endangered,Plantae,Magnoliopsida,0,0,0,1,0,0,0,0,Plants
Homoranthus elusus,-,Critically Endangered,Plantae,Magnoliopsida,0,1,0,0,0,0,0,0,Plants
Homoranthus floydii,-,Vulnerable,Plantae,Magnoliopsida,0,1,0,0,0,0,0,0,Plants
Homoranthus lunatus,-,Vulnerable,Plantae,Magnoliopsida,0,1,0,0,0,0,0,0,Plants
Homoranthus montanus,-,Vulnerable,Plantae,Magnoliopsida,0,0,0,1,0,0,0,0,Plants
Homoranthus porteri,-,Vulnerable,Plantae,Magnoliopsida,0,0,0,1,0,0,0,0,Plants
Homoranthus prolixus,-,Vulnerable,Plantae,Magnoliopsida,0,1,0,0,0,0,0,0,Plants
Hoplocephalus bungaroides,Broad-headed Snake,Endangered,Animalia,Reptilia,0,1,0,0,0,0,0,0,Reptiles
Hoplogonus bornemisszai,Bornemissza's Stag Beetle,Critically Endangered,Animalia,Insecta,0,0,0,0,0,1,0,0,Invertebrates
Hoplogonus simsoni,Simson's Stag Beetle,Vulnerable,Animalia,Insecta,0,0,0,0,0,1,0,0,Invertebrates
Hoplogonus vanderschoori,Vanderschoor's Stag Beetle,Vulnerable,Animalia,Insecta,0,0,0,0,0,1,0,0,Invertebrates
Hoya australis subsp. oramicola,a vine,Vulnerable,Plantae,Magnoliopsida,0,0,1,0,0,0,0,0,Plants
Hybanthus cymulosus,Ninghan Violet,Critically Endangered,Plantae,Magnoliopsida,0,0,0,0,0,0,0,1,Plants
Hydriastele costata,a palm,Vulnerable,Plantae,Liliopsida,0,0,0,1,0,0,0,0,Plants
Hylacola cauta halmaturina,Shy Heathwren (Kangaroo Island),Vulnerable,Animalia,Aves,0,0,0,0,1,0,0,0,Birds
Hypocalymma angustifolium subsp. Hutt River (S.Patrick 2982),-,Endangered,Plantae,Magnoliopsida,0,0,0,0,0,0,0,1,Plants
Hypocalymma longifolium,Long-leaved Myrtle,Vulnerable,Plantae,Magnoliopsida,0,0,0,0,0,0,0,1,Plants
Hypocalymma sp. Cascade (R.Bruhn 20896),-,Endangered,Plantae,Magnoliopsida,0,0,0,0,0,0,0,1,Plants
Hypocalymma sylvestre,chittering Myrtle,Endangered,Plantae,Magnoliopsida,0,0,0,0,0,0,0,1,Plants
Hypochrysops piceatus,Bulloak Jewel Butterfly,Critically Endangered,Animalia,Insecta,0,0,0,1,0,0,0,0,Invertebrates
Hypolepis dicksonioides,"Downy Ground-fern, Brake Fern, Ground Fern",Vulnerable,Plantae,Polypodiatae,0,0,0,0,0,0,0,0,Plants
Hypolepis distans,Scrambling Ground-fern,Endangered,Plantae,Polypodiatae,0,0,0,0,0,1,0,0,Plants
Hypotaenidia philippensis andrewsi,"Buff-banded Rail (Cocos (Keeling) Islands), Ayam Hutan",Endangered,Animalia,Aves,0,0,0,0,0,0,0,0,Birds
Hypotaenidia sylvestris,Lord Howe Woodhen,Endangered,Animalia,Aves,0,1,0,0,0,0,0,0,Birds
Hypseleotris gymnocephala,Bald Carp Gudgeon,Critically Endangered,Animalia,Actinopterygii,0,1,0,0,0,0,0,0,Fish
Hyridella glenelgensis,Glenelg Freshwater Mussel,Critically Endangered,Animalia,Bivalvia,0,0,0,0,0,0,1,0,Other
Idiosoma nigrum,"Shield-backed Trapdoor Spider, Black Rugose Trapdoor Spider",Vulnerable,Animalia,Arachnida,0,0,0,0,0,0,0,1,Invertebrates
Ileostylus micranthus,Mistletoe,Vulnerable,Plantae,Magnoliopsida,0,0,0,0,0,0,0,0,Plants
Indigofera efoliata,-,Endangered,Plantae,Magnoliopsida,0,1,0,0,0,0,0,0,Plants
Irenepharsus trypherus,"Delicate Cress, Illawarra Irene",Endangered,Plantae,Magnoliopsida,0,1,0,0,0,0,0,0,Plants
Isoglossa eranthemoides,Isoglossa,Endangered,Plantae,Magnoliopsida,0,1,0,0,0,0,0,0,Plants
Isoodon auratus auratus,Golden Bandicoot (mainland),Vulnerable,Animalia,Mammalia,0,1,1,1,1,0,1,1,Mammals
Isoodon auratus barrowensis,Golden Bandicoot (Barrow Island),Vulnerable,Animalia,Mammalia,0,0,0,0,0,0,0,1,Mammals
Isoodon obesulus nauticus,Southern Brown Bandicoot (Nuyts Archipelago),Vulnerable,Animalia,Mammalia,0,0,0,0,1,0,0,0,Mammals
Isoodon obesulus obesulus,"Southern Brown Bandicoot (eastern), Southern Brown Bandicoot (south-eastern)",Endangered,Animalia,Mammalia,1,1,0,0,1,0,1,0,Mammals
Isopogon fletcheri,Fletcher's Drumsticks,Vulnerable,Plantae,Magnoliopsida,0,1,0,0,0,0,0,0,Plants
Isopogon robustus,Robust Coneflower,Critically Endangered,Plantae,Magnoliopsida,0,0,0,0,0,0,0,1,Plants
Isopogon uncinatus,"Albany Cone Bush, Hook-leaf Isopogon",Endangered,Plantae,Magnoliopsida,0,0,0,0,0,0,0,1,Plants
Ixodia achillaeoides subsp. arenicola,"Sand Ixodia, Ixodia",Vulnerable,Plantae,Magnoliopsida,0,0,0,0,1,0,1,0,Plants
Jacksonia pungens,Pungent Jacksonia,Endangered,Plantae,Magnoliopsida,0,0,0,0,0,0,0,1,Plants
Jacksonia quairading,"Quairading Jacksonia, Quairading Stinkwood",Endangered,Plantae,Magnoliopsida,0,0,0,0,0,0,0,1,Plants
Jacksonia velveta,Collie Jacksonia,Endangered,Plantae,Magnoliopsida,0,0,0,0,0,0,0,1,Plants
Kardomia granitica,a shrub,Vulnerable,Plantae,Magnoliopsida,0,0,0,1,0,0,0,0,Plants
Kardomia prominens,-,Critically Endangered,Plantae,Magnoliopsida,0,1,0,0,0,0,0,0,Plants
Kardomia silvestris,Woodland Babingtonia,Endangered,Plantae,Magnoliopsida,0,1,0,1,0,0,0,0,Plants
Kelleria bogongensis,Kelleria,Vulnerable,Plantae,Magnoliopsida,0,0,0,0,0,0,1,0,Plants
Kennedia glabrata,Northcliffe Kennedia,Vulnerable,Plantae,Magnoliopsida,0,0,0,0,0,0,0,1,Plants
Kennedia lateritia,Augusta Kennedia,Endangered,Plantae,Magnoliopsida,0,0,0,0,0,0,0,1,Plants
Kennedia retrorsa,-,Vulnerable,Plantae,Magnoliopsida,0,1,0,0,0,0,0,0,Plants
Keyacris scurra,Key's Matchstick Grasshopper,Endangered,Animalia,Insecta,1,1,0,0,0,0,1,0,Invertebrates
Kumonga exleyi,Cape Range Remipede,Vulnerable,Animalia,Remipedia,0,0,0,0,0,0,0,1,Other
Kunzea cambagei,-,Vulnerable,Plantae,Magnoliopsida,0,1,0,0,0,0,0,0,Plants
Kunzea ericifolia subsp. subulata,-,Vulnerable,Plantae,Magnoliopsida,0,0,0,0,0,0,0,1,Plants
Kunzea juniperoides subsp. pernervosa,-,Endangered,Plantae,Magnoliopsida,0,1,0,0,0,0,0,0,Plants
Kunzea rupestris,-,Vulnerable,Plantae,Magnoliopsida,0,1,0,0,0,0,0,0,Plants
Kunzea similis subsp. similis,-,Critically Endangered,Plantae,Magnoliopsida,0,0,0,0,0,0,0,1,Plants
Lachnagrostis adamsonii,"Adamson's Blown-grass, Adamson's Blowngrass",Endangered,Plantae,Liliopsida,0,0,0,0,0,0,1,0,Plants
Lachnagrostis limitanea,"Spalding Blown Grass, Spalding Blowngrass",Endangered,Plantae,Liliopsida,0,0,0,0,1,0,0,0,Plants
Lagorchestes conspicillatus conspicillatus,Spectacled Hare-wallaby (Barrow Island),Vulnerable,Animalia,Mammalia,0,0,0,0,0,0,0,1,Mammals
Lagorchestes hirsutus bernieri,Rufous Hare-wallaby (Bernier Island),Vulnerable,Animalia,Mammalia,0,0,0,0,0,0,0,1,Mammals
Lagorchestes hirsutus Central Australian subspecies,"Mala, Rufous Hare-Wallaby (Central Australia)",Endangered,Animalia,Mammalia,0,0,1,1,1,0,0,1,Mammals
Lagorchestes hirsutus dorreae,Rufous Hare-wallaby (Dorre Island),Vulnerable,Animalia,Mammalia,0,0,0,0,0,0,0,1,Mammals
Lagostrophus fasciatus fasciatus,"Banded Hare-wallaby, Merrnine, Marnine, Munning",Vulnerable,Animalia,Mammalia,0,0,0,0,0,0,0,1,Mammals
Lambertia echinata subsp. echinata,Prickly Honeysuckle,Endangered,Plantae,Magnoliopsida,0,0,0,0,0,0,0,1,Plants
Lambertia echinata subsp. occidentalis,Western Prickly Honeysuckle,Endangered,Plantae,Magnoliopsida,0,0,0,0,0,0,0,1,Plants
Lambertia fairallii,Fairall's Honeysuckle,Critically Endangered,Plantae,Magnoliopsida,0,0,0,0,0,0,0,1,Plants
Lambertia orbifolia,Roundleaf Honeysuckle,Endangered,Plantae,Magnoliopsida,0,0,0,0,0,0,0,1,Plants
Lampropholis elongata,Long Sunskink,Critically Endangered,Animalia,Reptilia,0,1,0,0,0,0,0,0,Reptiles
Lasiopetalum joyceae,-,Vulnerable,Plantae,Magnoliopsida,0,1,0,0,0,0,0,0,Plants
Lasiopetalum longistamineum,-,Vulnerable,Plantae,Magnoliopsida,0,1,0,0,0,0,0,0,Plants
Lasiopetalum pterocarpum,Wing-fruited Lasiopetalum,Endangered,Plantae,Magnoliopsida,0,0,0,0,0,0,0,1,Plants
Lasiopetalum rotundifolium,Round-leaf Lasiopetalum,Endangered,Plantae,Magnoliopsida,0,0,0,0,0,0,0,1,Plants
Lasiopetalum sp. Mount Caroline (S.D.Hopper SDH 6381),-,Critically Endangered,Plantae,Magnoliopsida,0,0,0,0,0,0,0,1,Plants
Lasiopetalum sp. Proston (J.A.Baker 17),Proston Lasiopetalum,Critically Endangered,Plantae,Magnoliopsida,0,0,0,1,0,0,0,0,Plants
Lasiorhinus krefftii,"Northern Hairy-nosed Wombat, Yaminon",Critically Endangered,Animalia,Mammalia,0,1,0,1,0,0,0,0,Mammals
Lastreopsis calantha,"Shield-fern, Shieldfern",Endangered,Plantae,Polypodiatae,0,0,0,0,0,0,0,0,Plants
Lastreopsis walleri,a fern,Vulnerable,Plantae,Polypodiatae,0,0,0,1,0,0,0,0,Plants
Lathamus discolor,Swift Parrot,Critically Endangered,Animalia,Aves,1,1,0,1,1,1,1,0,Birds
Latrobea colophona,-,Critically Endangered,Plantae,Magnoliopsida,0,0,0,0,0,0,0,1,Plants
Lawrencia buchananensis,-,Vulnerable,Plantae,Magnoliopsida,0,0,0,1,0,0,0,0,Plants
Lechenaultia chlorantha,Kalbarri Leschenaultia,Vulnerable,Plantae,Magnoliopsida,0,0,0,0,0,0,0,1,Plants
Lechenaultia laricina,Scarlet Leschenaultia,Endangered,Plantae,Magnoliopsida,0,0,0,0,0,0,0,1,Plants
Leichhardtia araujacea,-,Critically Endangered,Plantae,Magnoliopsida,0,0,0,1,0,0,0,0,Plants
Leiocarpa gatesii,Wrinkled Buttons,Vulnerable,Plantae,Magnoliopsida,0,0,0,0,0,0,1,0,Plants
Leionema ceratogynum,-,Critically Endangered,Plantae,Magnoliopsida,0,1,0,0,0,0,0,0,Plants
Leionema equestre,Kangaroo Island Phebalium,Endangered,Plantae,Magnoliopsida,0,0,0,0,1,0,0,0,Plants
Leionema lachnaeoides,-,Endangered,Plantae,Magnoliopsida,0,1,0,0,0,0,0,0,Plants
Leionema lamprophyllum subsp. fractum,-,Critically Endangered,Plantae,Magnoliopsida,0,1,0,0,0,0,0,0,Plants
Leionema obtusifolium,-,Vulnerable,Plantae,Magnoliopsida,0,0,0,1,0,0,0,0,Plants
Leionema ralstonii,-,Vulnerable,Plantae,Magnoliopsida,0,1,0,0,0,0,0,0,Plants
Leionema sympetalum,Rylstone Bell,Vulnerable,Plantae,Magnoliopsida,0,1,0,0,0,0,0,0,Plants
Leionema westonii,-,Critically Endangered,Plantae,Magnoliopsida,0,1,0,0,0,0,0,0,Plants
Leioproctus douglasiellus,a short-tongued bee,Critically Endangered,Animalia,Insecta,0,0,0,0,0,0,0,1,Invertebrates
Leipoa ocellata,Malleefowl,Vulnerable,Animalia,Aves,0,1,1,0,1,0,1,1,Birds
Lenwebbia sp. Main Range (P.R.Sharpe+ 4877),-,Critically Endangered,Plantae,Magnoliopsida,0,1,0,1,0,0,0,0,Plants
Lepidium aschersonii,Spiny Peppercress,Vulnerable,Plantae,Magnoliopsida,0,1,0,0,0,0,1,1,Plants
Lepidium ginninderrense,Ginninderra Peppercress,Critically Endangered,Plantae,Magnoliopsida,1,0,0,0,0,0,0,0,Plants
Lepidium hyssopifolium,"Basalt Pepper-cress, Peppercress, Rubble Pepper-cress, Pepperweed",Endangered,Plantae,Magnoliopsida,1,1,0,0,0,1,1,0,Plants
Lepidium monoplocoides,Winged Pepper-cress,Endangered,Plantae,Magnoliopsida,0,1,0,1,1,0,1,0,Plants
Lepidium peregrinum,Wandering Pepper-cress,Endangered,Plantae,Magnoliopsida,0,1,0,1,0,0,0,0,Plants
Lepidium pseudopapillosum,Erect Pepper-cress,Vulnerable,Plantae,Magnoliopsida,0,0,0,0,1,0,1,0,Plants
Lepidochelys olivacea,"Olive Ridley Turtle, Pacific Ridley Turtle",Endangered,Animalia,Reptilia,0,1,1,1,0,0,0,1,Reptiles
Lepidodactylus listeri,"Christmas Island Gecko, Lister's Gecko",Critically Endangered,Animalia,Reptilia,0,0,0,0,0,0,0,0,Reptiles
Lepidorrhachis mooreana,"Little Mountain Palm, Moorei Palm",Critically Endangered,Plantae,Liliopsida,0,1,0,0,0,0,0,0,Plants
Lepidosperma rostratum,Beaked Lepidosperma,Endangered,Plantae,Liliopsida,0,0,0,0,0,0,0,1,Plants
Leporillus conditor,"Wopilkara, Greater Stick-nest Rat",Vulnerable,Animalia,Mammalia,0,1,0,0,1,0,0,1,Mammals
Leptomeria dielsiana,Diels' Currant Bush,Vulnerable,Plantae,Magnoliopsida,0,0,0,0,0,0,0,1,Plants
Leptospermum benwellii,-,Critically Endangered,Plantae,Magnoliopsida,0,1,0,0,0,0,0,0,Plants
Leptospermum crassifolium,-,Critically Endangered,Plantae,Magnoliopsida,0,1,0,0,0,0,0,0,Plants
Leptospermum deanei,Deane's Tea-tree,Vulnerable,Plantae,Magnoliopsida,0,1,0,0,0,0,0,0,Plants
Leptospermum jingera,Stringybark Tea-tree,Critically Endangered,Plantae,Magnoliopsida,0,0,0,0,0,0,1,0,Plants
Leptospermum petraeum,-,Critically Endangered,Plantae,Magnoliopsida,0,1,0,0,0,0,0,0,Plants
Leptospermum thompsonii,Monga Tea-tree,Endangered,Plantae,Magnoliopsida,0,1,0,0,0,0,0,0,Plants
Lerista allanae,"Allan's Lerista, Retro Slider",Endangered,Animalia,Reptilia,0,0,0,1,0,0,0,0,Reptiles
Lerista colliveri,Nubbined Fine-lined Slider,Endangered,Animalia,Reptilia,0,0,0,1,0,0,0,0,Reptiles
Lerista nevinae,Nevin's Slider,Endangered,Animalia,Reptilia,0,0,0,0,0,0,0,1,Reptiles
Lerista rochfordensis,Rochford Slider,Endangered,Animalia,Reptilia,0,0,0,1,0,0,0,0,Reptiles
Lerista vittata,"Mount Cooper Striped Skink, Mount Cooper Striped Lerista",Vulnerable,Animalia,Reptilia,0,0,0,1,0,0,0,0,Reptiles
Leucocarbo atriceps nivalis,"Imperial Shag (Heard Island), Heard Shag",Vulnerable,Animalia,Aves,0,0,0,0,0,0,0,0,Birds
Leucocarbo atriceps purpurascens,Imperial Shag (Macquarie Island),Vulnerable,Animalia,Aves,0,0,0,0,0,1,0,0,Birds
Leucochrysum albicans subsp. tricolor,"Hoary Sunray, Grassland Paper-daisy",Endangered,Plantae,Magnoliopsida,1,1,0,1,0,1,1,0,Plants
Leucopatus anophthalmus,Blind Velvet Worm,Endangered,Animalia,Onychophora (no class),0,0,0,0,0,1,0,0,Other
Leucopogon confertus,Torrington Beard-heath,Endangered,Plantae,Magnoliopsida,0,1,0,0,0,0,0,0,Plants
Leucopogon exolasius,Woronora Beard-heath,Vulnerable,Plantae,Magnoliopsida,0,1,0,0,0,0,0,0,Plants
Leucopogon gnaphalioides,Stirling Range Beard Heath,Critically Endangered,Plantae,Magnoliopsida,0,0,0,0,0,0,0,1,Plants
Leucopogon marginatus,Thick-margined Leucopogon,Endangered,Plantae,Magnoliopsida,0,0,0,0,0,0,0,1,Plants
Leucopogon nitidus,-,Endangered,Plantae,Magnoliopsida,0,0,0,0,0,0,0,1,Plants
Leucopogon obtectus,Hidden Beard-heath,Endangered,Plantae,Magnoliopsida,0,0,0,0,0,0,0,1,Plants
Leucopogon sp. Coolmunda (D.Halford Q1635),-,Endangered,Plantae,Magnoliopsida,0,0,0,1,0,0,0,0,Plants
"Leucopogon sp. Flynn (F.Hort, J.Hort & A.Lowrie 859)",-,Critically Endangered,Plantae,Magnoliopsida,0,0,0,0,0,0,0,1,Plants
Leucopogon sp. Ongerup (A.S.George 16682),-,Vulnerable,Plantae,Magnoliopsida,0,0,0,0,0,0,0,1,Plants
Leucopogon spectabilis,Ironstone Beard-heath,Critically Endangered,Plantae,Magnoliopsida,0,0,0,0,0,0,0,1,Plants
Liasis olivaceus barroni,Pilbara Olive Python,Vulnerable,Animalia,Reptilia,0,0,0,0,0,0,0,1,Reptiles
Lichenostomus melanops cassidix,"Helmeted Honeyeater, Yellow-tufted Honeyeater (Helmeted)",Critically Endangered,Animalia,Aves,0,0,0,0,0,0,1,0,Birds
Limnodromus semipalmatus,Asian Dowitcher,Vulnerable,Animalia,Aves,0,1,1,1,0,0,0,1,Birds
Limonium australe var. baudinii,Baudin's Sea-lavender,Vulnerable,Plantae,Magnoliopsida,0,0,0,0,0,1,0,0,Plants
Limosa lapponica baueri,"Nunivak Bar-tailed Godwit, Western Alaskan Bar-tailed Godwit",Endangered,Animalia,Aves,0,1,1,1,1,1,1,1,Birds
Limosa lapponica menzbieri,"Northern Siberian Bar-tailed Godwit, Russkoye Bar-tailed Godwit",Endangered,Animalia,Aves,0,0,1,1,0,0,0,1,Birds
Limosa limosa,Black-tailed Godwit,Endangered,Animalia,Aves,0,1,1,1,1,1,1,1,Birds
Limosella granitica,Granite Mudwort,Vulnerable,Plantae,Magnoliopsida,0,0,0,0,1,0,0,0,Plants
Lindsaea pulchella var. blanda,-,Vulnerable,Plantae,Polypodiatae,0,0,0,1,0,0,0,0,Plants
Liopholis guthega,Guthega Skink,Endangered,Animalia,Reptilia,0,1,0,0,0,0,1,0,Reptiles
Liopholis kintorei,"Great Desert Skink, Tjakura, Warrarna, Mulyamiji, Tjalapa, Nampu",Vulnerable,Animalia,Reptilia,0,0,1,0,1,0,0,1,Reptiles
Liopholis montana,Mountain Skink,Endangered,Animalia,Reptilia,1,1,0,0,0,0,1,0,Reptiles
Liopholis pulchra longicauda,"Jurien Bay Skink, Jurien Bay Rock-skink",Vulnerable,Animalia,Reptilia,0,0,0,0,0,0,0,1,Reptiles
Liopholis slateri slateri,"Slater's Skink, Floodplain Skink",Endangered,Animalia,Reptilia,0,0,1,0,0,0,0,0,Reptiles
Lissolepis coventryi,"Swamp Skink, Eastern Mourning Skink",Endangered,Animalia,Reptilia,0,1,0,0,1,0,1,0,Reptiles
Lissotes latidens,"Broad-toothed Stag Beetle, Wielangta Stag Beetle",Endangered,Animalia,Insecta,0,0,0,0,0,1,0,0,Invertebrates
Litoria aurea,Green and Golden Bell Frog,Vulnerable,Animalia,Amphibia,1,1,0,0,0,0,1,0,Frogs
Litoria booroolongensis,Booroolong Frog,Endangered,Animalia,Amphibia,1,1,0,0,0,0,1,0,Frogs
Litoria castanea,"Yellow-spotted Tree Frog, Yellow-spotted Bell Frog",Critically Endangered,Animalia,Amphibia,1,1,0,0,0,0,0,0,Frogs
Litoria daviesae,Davies' Tree Frog,Vulnerable,Animalia,Amphibia,0,1,0,0,0,0,0,0,Frogs
Litoria dayi,"Australian Lace-lid, Lace-eyed Tree Frog, Day's Big-eyed Treefrog",Vulnerable,Animalia,Amphibia,0,0,0,1,0,0,0,0,Frogs
Litoria kroombitensis,Kroombit Treefrog,Critically Endangered,Animalia,Amphibia,0,0,0,1,0,0,0,0,Frogs
Litoria littlejohni,"Northern Heath Frog, Littlejohn's Tree Frog",Endangered,Animalia,Amphibia,0,1,0,0,0,0,0,0,Frogs
Litoria lorica,Armoured Mist Frog,Critically Endangered,Animalia,Amphibia,0,0,0,1,0,0,0,0,Frogs
Litoria myola,Kuranda Tree Frog,Critically Endangered,Animalia,Amphibia,0,0,0,1,0,0,0,0,Frogs
Litoria nyakalensis,"Mountain Mist Frog, Nyakala Frog",Critically Endangered,Animalia,Amphibia,0,0,0,1,0,0,0,0,Frogs
Litoria olongburensis,Wallum Sedge Frog,Vulnerable,Animalia,Amphibia,0,1,0,1,0,0,0,0,Frogs
Litoria piperata,Peppered Tree Frog,Vulnerable,Animalia,Amphibia,0,1,0,0,0,0,0,0,Frogs
Litoria raniformis,"Southern Bell Frog, Growling Grass Frog, Green and Golden Frog, Warty Swamp Frog, Golden Bell Frog",Vulnerable,Animalia,Amphibia,1,1,0,0,1,1,1,0,Frogs
Litoria spenceri,Spotted Tree Frog,Critically Endangered,Animalia,Amphibia,0,1,0,0,0,0,1,0,Frogs
Litoria subglandulosa,"New England Tree Frog, Glandular Frog",Vulnerable,Animalia,Amphibia,0,1,0,1,0,0,0,0,Frogs
Litoria verreauxii alpina,"Alpine Tree Frog, Verreaux's Alpine Tree Frog",Vulnerable,Animalia,Amphibia,1,1,0,0,0,0,1,0,Frogs
Litoria watsoni,"Southern Heath Frog, Watson's Tree Frog",Endangered,Animalia,Amphibia,0,1,0,0,0,0,1,0,Frogs
Livistona lanuginosa,Waxy Cabbage Palm,Vulnerable,Plantae,Liliopsida,0,0,0,1,0,0,0,0,Plants
Livistona mariae subsp. mariae,"Central Australian Cabbage Palm, Red Cabbage Palm",Endangered,Plantae,Liliopsida,0,0,1,0,0,0,0,0,Plants
Lobelia claviflora,-,Critically Endangered,Plantae,Magnoliopsida,0,1,0,0,0,0,0,0,Plants
Lobelia gelida,-,Vulnerable,Plantae,Magnoliopsida,0,0,0,0,0,0,1,0,Plants
Logania diffusa,-,Vulnerable,Plantae,Magnoliopsida,0,0,0,1,0,0,0,0,Plants
Logania insularis,Kangaroo Island Logania,Vulnerable,Plantae,Magnoliopsida,0,0,0,0,1,0,0,0,Plants
Lomatia tasmanica,King's Lomatia,Critically Endangered,Plantae,Magnoliopsida,0,0,0,0,0,1,0,0,Plants
Lophochroa leadbeateri leadbeateri,"Major Mitchell's Cockatoo (eastern), Eastern Major Mitchell's Cockatoo, Pink Cockatoo (eastern)",Endangered,Animalia,Aves,0,1,0,1,1,0,1,0,Birds
Lordhowea pilosicrista,Tall Yellow-top,Endangered,Plantae,Magnoliopsida,0,0,0,0,1,0,1,0,Plants
Lucasium occultum,"Yellow-snouted Gecko, Yellow-snouted Ground Gecko",Endangered,Animalia,Reptilia,0,0,1,0,0,0,0,0,Reptiles
Lychnothamnus barbatus,a green alga,Endangered,Plantae,Streptophyta (no class),0,0,0,1,0,0,0,0,Plants
Lysiosepalum abollatum,Woolly Lysiosepalum,Critically Endangered,Plantae,Magnoliopsida,0,0,0,0,0,0,0,1,Plants
Macadamia integrifolia,"Macadamia Nut, Queensland Nut Tree, Smooth-shelled Macadamia, Bush Nut, Nut Oak",Vulnerable,Plantae,Magnoliopsida,0,1,0,1,0,0,0,0,Plants
Macadamia jansenii,"Bulberin Nut, Bulburin Nut Tree",Endangered,Plantae,Magnoliopsida,0,0,0,1,0,0,0,0,Plants
Macadamia ternifolia,"Small-fruited Queensland Nut, Gympie Nut",Vulnerable,Plantae,Magnoliopsida,0,0,0,1,0,0,0,0,Plants
Macadamia tetraphylla,"Rough-shelled Bush Nut, Macadamia Nut, Rough-shelled Macadamia, Rough-leaved Queensland Nut",Vulnerable,Plantae,Magnoliopsida,0,1,0,1,0,0,0,0,Plants
Macarthuria keigheryi,Keighery's Macarthuria,Endangered,Plantae,Magnoliopsida,0,0,0,0,0,0,0,1,Plants
Maccullochella ikei,"Clarence River Cod, Eastern Freshwater Cod",Endangered,Animalia,Actinopterygii,0,1,0,0,0,0,0,0,Fish
Maccullochella macquariensis,Trout Cod,Endangered,Animalia,Actinopterygii,1,1,0,0,1,0,1,0,Fish
Maccullochella mariensis,Mary River Cod,Endangered,Animalia,Actinopterygii,0,0,0,1,0,0,0,0,Fish
Maccullochella peelii,Murray Cod,Vulnerable,Animalia,Actinopterygii,1,1,0,1,1,0,1,0,Fish
Macquaria australasica,Macquarie Perch,Endangered,Animalia,Actinopterygii,1,1,0,0,1,0,1,0,Fish
Macroderma gigas,Ghost Bat,Vulnerable,Animalia,Mammalia,0,0,1,1,1,0,0,1,Mammals
Macronectes giganteus,"Southern Giant-Petrel, Southern Giant Petrel",Endangered,Animalia,Aves,0,1,0,1,1,1,1,1,Birds
Macronectes halli,Northern Giant Petrel,Vulnerable,Animalia,Aves,0,1,0,1,1,1,1,1,Birds
Macropteranthes montana,-,Vulnerable,Plantae,Magnoliopsida,0,0,0,1,0,0,0,0,Plants
Macrotis lagotis,Greater Bilby,Vulnerable,Animalia,Mammalia,0,1,1,1,1,0,0,1,Mammals
Macrozamia conferta,-,Vulnerable,Plantae,Cycadatae,0,0,0,1,0,0,0,0,Plants
Macrozamia cranei,-,Endangered,Plantae,Cycadatae,0,0,0,1,0,0,0,0,Plants
Macrozamia johnsonii,-,Endangered,Plantae,Cycadatae,0,1,0,0,0,0,0,0,Plants
Macrozamia lomandroides,cycad,Endangered,Plantae,Cycadatae,0,0,0,1,0,0,0,0,Plants
Macrozamia macdonnellii,MacDonnell Ranges Cycad,Vulnerable,Plantae,Cycadatae,0,0,1,0,0,0,0,0,Plants
Macrozamia machinii,-,Vulnerable,Plantae,Cycadatae,0,0,0,1,0,0,0,0,Plants
Macrozamia occidua,-,Vulnerable,Plantae,Cycadatae,0,0,0,1,0,0,0,0,Plants
Macrozamia parcifolia,-,Vulnerable,Plantae,Cycadatae,0,0,0,1,0,0,0,0,Plants
Macrozamia pauli-guilielmi,Pineapple Zamia,Endangered,Plantae,Cycadatae,0,0,0,1,0,0,0,0,Plants
Macrozamia platyrhachis,cycad,Endangered,Plantae,Cycadatae,0,0,0,1,0,0,0,0,Plants
Maireana cheelii,Chariot Wheels,Vulnerable,Plantae,Magnoliopsida,0,1,0,1,0,0,1,0,Plants
Malurus coronatus coronatus,Purple-crowned Fairy-wren (western),Endangered,Animalia,Aves,0,0,1,0,0,0,0,1,Birds
Malurus leucopterus edouardi,"White-winged Fairy-wren (Barrow Island), Barrow Island Black-and-white Fairy-wren",Vulnerable,Animalia,Aves,0,0,0,0,0,0,0,1,Birds
Malurus leucopterus leucopterus,"White-winged Fairy-wren (Dirk Hartog Island), Dirk Hartog Black-and-White Fairy-wren",Vulnerable,Animalia,Aves,0,0,0,0,0,0,0,1,Birds
Manorina melanotis,Black-eared Miner,Endangered,Animalia,Aves,0,1,0,0,1,0,1,0,Birds
Marattia salicina,"King Fern, Para, Potato Fern",Endangered,Plantae,Polypodiatae,0,0,0,0,0,0,0,0,Plants
Marginaster littoralis,Derwent River Seastar,Critically Endangered,Animalia,Asteroidea,0,0,0,0,0,1,0,0,Other
Marianthus paralius,-,Endangered,Plantae,Magnoliopsida,0,0,0,0,0,0,0,1,Plants
Marsdenia brevifolia,-,Vulnerable,Plantae,Magnoliopsida,0,0,0,1,0,0,0,0,Plants
Marsdenia longiloba,Clear Milkvine,Vulnerable,Plantae,Magnoliopsida,0,1,0,1,0,0,0,0,Plants
Marsdenia paludicola,-,Vulnerable,Plantae,Magnoliopsida,0,0,0,1,0,0,0,0,Plants
Mastacomys fuscus mordicus,"Broad-toothed Rat (mainland), Tooarrana",Endangered,Animalia,Mammalia,1,1,0,0,1,0,1,0,Mammals
Mathewsoconcha grayi ms,Gray's Helicarionid Land Snail,Critically Endangered,Animalia,Gastropoda,0,0,0,0,0,0,0,0,Invertebrates
Mathewsoconcha phillipii,Phillip Island Helicarionid Land Snail,Critically Endangered,Animalia,Gastropoda,0,0,0,0,0,0,0,0,Invertebrates
Mathewsoconcha suteri,Suter's Striped Glass-snail,Critically Endangered,Animalia,Gastropoda,0,0,0,0,0,0,0,0,Invertebrates
Medicosma elliptica,-,Vulnerable,Plantae,Magnoliopsida,0,0,0,1,0,0,0,0,Plants
Medicosma obovata,-,Vulnerable,Plantae,Magnoliopsida,0,0,0,1,0,0,0,0,Plants
Megascolides australis,Giant Gippsland Earthworm,Vulnerable,Animalia,Oligochaeta,0,0,0,0,0,0,1,0,Other
Melaleuca biconvexa,Biconvex Paperbark,Vulnerable,Plantae,Magnoliopsida,0,1,0,0,0,0,0,0,Plants
Melaleuca deanei,Deane's Melaleuca,Vulnerable,Plantae,Magnoliopsida,0,1,0,0,0,0,0,0,Plants
Melaleuca kunzeoides,-,Vulnerable,Plantae,Magnoliopsida,0,0,0,1,0,0,0,0,Plants
Melaleuca sciotostyla,Wongan Melaleuca,Endangered,Plantae,Magnoliopsida,0,0,0,0,0,0,0,1,Plants
Melaleuca sp. Wanneroo (G.J.Keighery 16705),-,Endangered,Plantae,Magnoliopsida,0,0,0,0,0,0,0,1,Plants
Melanodryas cucullata cucullata,"South-eastern Hooded Robin, Hooded Robin (south-eastern)",Endangered,Animalia,Aves,1,1,0,1,1,0,1,0,Birds
Melanodryas cucullata melvillensis,"Tiwi Islands Hooded Robin, Hooded Robin (Tiwi Islands)",Critically Endangered,Animalia,Aves,0,0,1,0,0,0,0,0,Birds
Melanotaenia eachamensis,Lake Eacham Rainbowfish,Endangered,Animalia,Actinopterygii,0,0,0,1,0,0,0,0,Fish
Melanotaenia sp. nov. 'Malanda',Malanda Rainbowfish,Critically Endangered,Animalia,Actinopterygii,0,0,0,1,0,0,0,0,Fish
Melanotaenia sp. nov. 'Running River',Running River Rainbowfish,Critically Endangered,Animalia,Actinopterygii,0,0,0,1,0,0,0,0,Fish
Melichrus gibberagee,Narrow-leaf Melichrus,Critically Endangered,Plantae,Magnoliopsida,0,1,0,0,0,0,0,0,Plants
Melichrus sp. Newfoundland State Forest (P.Gilmour 7852),Hairy Melichrus,Endangered,Plantae,Magnoliopsida,0,1,0,0,0,0,0,0,Plants
Melicope littoralis,Shade Tree,Vulnerable,Plantae,Magnoliopsida,0,0,0,0,0,0,0,0,Plants
Melicytus latifolius,Norfolk Island Mahoe,Critically Endangered,Plantae,Magnoliopsida,0,0,0,0,0,0,0,0,Plants
Melicytus ramiflorus subsp. oblongifolius,"Whiteywood, a tree",Vulnerable,Plantae,Magnoliopsida,0,0,0,0,0,0,0,0,Plants
Melithreptus brevirostris magnirostris,Kangaroo Island Brown-headed Honeyeater,Endangered,Animalia,Aves,0,0,0,0,1,0,0,0,Birds
Meridolum maryae,"Maroubra Woodland Snail, Maroubra Land Snail",Endangered,Animalia,Gastropoda,0,1,0,0,0,0,0,0,Invertebrates
Meryta angustifolia,Narrow-leaved Meryta,Vulnerable,Plantae,Magnoliopsida,0,0,0,0,0,0,0,0,Plants
Meryta latifolia,"Shade Tree, Broad-leaved Meryta",Critically Endangered,Plantae,Magnoliopsida,0,0,0,0,0,0,0,0,Plants
Mesembriomys gouldii gouldii,"Black-footed Tree-rat (Kimberley and mainland Northern Territory), Djintamoonga, Manbul",Endangered,Animalia,Mammalia,0,0,1,0,0,0,0,1,Mammals
Mesembriomys gouldii melvillensis,Black-footed Tree-rat (Melville Island),Vulnerable,Animalia,Mammalia,0,0,1,0,0,0,0,0,Mammals
Mesembriomys gouldii rattoides,"Black-footed Tree-rat (north Queensland), Shaggy Rabbit-rat",Vulnerable,Animalia,Mammalia,0,0,0,1,0,0,0,0,Mammals
Mesodontrachia fitzroyana,Fitzroy Land Snail,Endangered,Animalia,Gastropoda,0,0,1,0,0,0,0,0,Invertebrates
Microcarpaea agonis,-,Endangered,Plantae,Magnoliopsida,0,0,0,1,0,0,0,0,Plants
Microcorys eremophiloides,Wongan Microcorys,Vulnerable,Plantae,Magnoliopsida,0,0,0,0,0,0,0,1,Plants
Microlepidium alatum,-,Vulnerable,Plantae,Magnoliopsida,0,0,0,0,1,0,0,0,Plants
Micromyrtus blakelyi,-,Vulnerable,Plantae,Magnoliopsida,0,1,0,0,0,0,0,0,Plants
Micromyrtus grandis,-,Endangered,Plantae,Magnoliopsida,0,1,0,0,0,0,0,0,Plants
Micromyrtus minutiflora,-,Vulnerable,Plantae,Magnoliopsida,0,1,0,0,0,0,0,0,Plants
Micropathus kiernani,"Francistown Cave Cricket, Southern sandstone cave cricket",Critically Endangered,Animalia,Insecta,0,0,0,0,0,1,0,0,Invertebrates
Microtis angusii,Angus's Onion Orchid,Endangered,Plantae,Liliopsida,0,1,0,0,0,0,0,0,Plants
Microtis globula,South-Coast Mignonette Orchid,Vulnerable,Plantae,Liliopsida,0,0,0,0,0,0,0,1,Plants
Milyeringa justitia,Barrow Cave Gudgeon,Endangered,Animalia,Actinopterygii,0,0,0,0,0,0,0,1,Fish
Milyeringa veritas,"Cape Range Cave Gudgeon, Blind Gudgeon",Vulnerable,Animalia,Actinopterygii,0,0,0,0,0,0,0,1,Fish
Miniopterus orianae bassanii,Southern Bent-wing Bat,Critically Endangered,Animalia,Mammalia,0,0,0,0,1,0,1,0,Mammals
Minuria tridens,Minnie Daisy,Vulnerable,Plantae,Magnoliopsida,0,0,1,0,0,0,0,1,Plants
Mirafra javanica melvillensis,Horsfield's Bushlark (Tiwi Islands),Vulnerable,Animalia,Aves,0,0,1,0,0,0,0,0,Birds
Mirounga leonina,Southern Elephant Seal,Vulnerable,Animalia,Mammalia,0,0,0,0,1,1,0,0,Mammals
Mitrantia bilocularis,-,Critically Endangered,Plantae,Magnoliopsida,0,0,0,1,0,0,0,0,Plants
Mitrella tiwiensis,a vine,Vulnerable,Plantae,Magnoliopsida,0,0,1,0,0,0,0,0,Plants
Mixophyes balbus,"Stuttering Frog, Southern Barred Frog (in Victoria)",Vulnerable,Animalia,Amphibia,0,1,0,1,0,0,1,0,Frogs
Mixophyes fleayi,Fleay's Frog,Endangered,Animalia,Amphibia,0,1,0,1,0,0,0,0,Frogs
Mixophyes iteratus,"Giant Barred Frog, Southern Barred Frog",Vulnerable,Animalia,Amphibia,0,1,0,1,0,0,0,0,Frogs
Moggridgea rainbowi,Kangaroo Island Micro-trapdoor Spider,Endangered,Animalia,Arachnida,0,0,0,0,1,0,0,0,Invertebrates
Mogurnda adspersa (Murray-Darling Basin population),Southern Purple Spotted Gudgeon (Murray-Darling Basin population),Endangered,Animalia,Actinopterygii,0,1,0,1,1,0,1,0,Fish
Mogurnda clivicola,"Flinders Ranges Mogurnda, Flinders Ranges Purple-spotted Gudgeon",Vulnerable,Animalia,Actinopterygii,0,0,0,1,1,0,0,0,Fish
Mogurnda thermophila,"Dalhousie Mogurnda, Dalhousie Purple-spotted Gudgeon",Critically Endangered,Animalia,Actinopterygii,0,0,0,0,1,0,0,0,Fish
Monotoca rotundifolia,Trailing Monotoca,Endangered,Plantae,Magnoliopsida,0,1,0,0,0,0,1,0,Plants
Mordacia praecox,"Non-parasitic Lamprey, Precocious Lamprey",Endangered,Animalia,Cephalaspidomorphi,0,1,0,1,0,0,1,0,Other
Muehlenbeckia australis,"Shrubby Creeper, Pohuehue",Endangered,Plantae,Magnoliopsida,0,0,0,0,0,0,0,0,Plants
Muehlenbeckia tuggeranong,Tuggeranong Lignum,Endangered,Plantae,Magnoliopsida,1,0,0,0,0,0,0,0,Plants
Myoporum cordifolium,Jerramungup Myoporum,Vulnerable,Plantae,Magnoliopsida,0,0,0,0,0,0,0,1,Plants
Myoporum obscurum,"Popwood, Sandalwood",Critically Endangered,Plantae,Magnoliopsida,0,0,0,0,0,0,0,0,Plants
Myriophyllum coronatum,-,Vulnerable,Plantae,Magnoliopsida,0,0,0,1,0,0,0,0,Plants
Myriophyllum lapidicola,Chiddarcooping Myriophyllum,Endangered,Plantae,Magnoliopsida,0,0,0,0,0,0,0,1,Plants
Myriophyllum porcatum,Ridged Water-milfoil,Vulnerable,Plantae,Magnoliopsida,0,0,0,0,0,0,1,0,Plants
Myrmecobius fasciatus,Numbat,Endangered,Animalia,Mammalia,0,1,1,0,1,0,0,1,Mammals
Myrmecodia beccarii,Ant Plant,Vulnerable,Plantae,Magnoliopsida,0,0,0,1,0,0,0,0,Plants
Myrsine ralstoniae,Beech,Vulnerable,Plantae,Magnoliopsida,0,0,0,0,0,0,0,0,Plants
Myrsine richmondensis,"Purple-leaf Muttonwood, Lismore Muttonwood",Endangered,Plantae,Magnoliopsida,0,1,0,0,0,0,0,0,Plants
Mystivagor mastersi,Masters' Charopid Land Snail,Critically Endangered,Animalia,Gastropoda,0,1,0,0,0,0,0,0,Invertebrates
Myuchelys belli,Western Sawshelled Turtle,Endangered,Animalia,Reptilia,0,1,0,1,0,0,0,0,Reptiles
Myuchelys purvisi,Purvis' Turtle,Endangered,Animalia,Reptilia,0,1,0,0,0,0,0,0,Reptiles
Nangura spinosa,Nangur Spiny Skink,Critically Endangered,Animalia,Reptilia,0,0,0,1,0,0,0,0,Reptiles
Nannatherina balstoni,Balston's Pygmy Perch,Vulnerable,Animalia,Actinopterygii,0,0,0,0,0,0,0,1,Fish
Nannoperca australis Murray-Darling Basin lineage,Southern Pygmy Perch (Murray-Darling Basin lineage),Vulnerable,Animalia,Actinopterygii,0,1,0,0,1,0,1,0,Fish
Nannoperca obscura,Yarra Pygmy Perch,Endangered,Animalia,Actinopterygii,0,0,0,0,1,0,1,0,Fish
Nannoperca oxleyana,Oxleyan Pygmy Perch,Endangered,Animalia,Actinopterygii,0,1,0,1,0,0,0,0,Fish
Nannoperca pygmaea,Little Pygmy Perch,Endangered,Animalia,Actinopterygii,0,0,0,0,0,0,0,1,Fish
Nannoperca variegata,"Variegated Pygmy Perch, Ewens Pygmy Perch, Golden Pygmy Perch",Vulnerable,Animalia,Actinopterygii,0,0,0,0,1,0,1,0,Fish
Natator depressus,Flatback Turtle,Vulnerable,Animalia,Reptilia,0,1,1,1,0,0,0,1,Reptiles
Neisosperma kilneri,-,Vulnerable,Plantae,Magnoliopsida,0,0,0,1,0,0,0,0,Plants
Nematoceras dienemum,Windswept Helmet-orchid,Critically Endangered,Plantae,Liliopsida,0,0,0,0,0,1,0,0,Plants
Nematolepis frondosa,Leafy Nematolepis,Critically Endangered,Plantae,Magnoliopsida,0,0,0,0,0,0,1,0,Plants
Nematolepis rhytidophylla,-,Critically Endangered,Plantae,Magnoliopsida,0,1,0,0,0,0,0,0,Plants
Nematolepis squamea subsp. coriacea,Harsh Nematolepis,Vulnerable,Plantae,Magnoliopsida,0,0,0,0,0,0,1,0,Plants
Nematolepis wilsonii,Shiny Nematolepis,Vulnerable,Plantae,Magnoliopsida,0,0,0,0,0,0,1,0,Plants
Neoastelia spectabilis,-,Vulnerable,Plantae,Liliopsida,0,1,0,0,0,0,0,0,Plants
Neoceratodus forsteri,"Australian Lungfish, Queensland Lungfish",Vulnerable,Animalia,Sarcopterygii,0,0,0,1,0,0,0,0,Other
Neochmia ruficauda ruficauda,"Star Finch (eastern), Star Finch (southern)",Endangered,Animalia,Aves,0,1,0,1,0,0,0,0,Birds
Neopasiphae simplicior,A native bee,Critically Endangered,Animalia,Insecta,0,0,0,0,0,0,0,1,Invertebrates
Neophema chrysogaster,Orange-bellied Parrot,Critically Endangered,Animalia,Aves,0,1,0,0,1,1,1,0,Birds
Neophema chrysostoma,Blue-winged Parrot,Vulnerable,Animalia,Aves,1,1,1,1,1,1,1,0,Birds
Neophoca cinerea,"Australian Sea-lion, Australian Sea Lion",Endangered,Animalia,Mammalia,0,0,0,0,1,0,1,1,Mammals
Neoroepera buxifolia,-,Vulnerable,Plantae,Magnoliopsida,0,0,0,1,0,0,0,0,Plants
Neosilurus gloveri,Dalhousie Catfish,Critically Endangered,Animalia,Actinopterygii,0,0,0,0,1,0,0,0,Fish
Nereia lophocladia,marine brown alga,Endangered,Plantae,Phaeophyceae,0,1,0,0,0,1,1,0,Plants
Nesoptilotis leucotis thomasi,Kangaroo Island White-eared Honeyeater,Endangered,Animalia,Aves,0,0,0,0,1,0,0,0,Birds
Newcastelia velutina,-,Vulnerable,Plantae,Magnoliopsida,0,0,0,1,0,0,0,0,Plants
Ninox natalis,"Christmas Island Hawk-Owl, Christmas Boobook",Vulnerable,Animalia,Aves,0,0,0,0,0,0,0,0,Birds
Ninox novaeseelandiae undulata,"Norfolk Island Boobook, Norfolk Island Morepork, Southern Boobook (Norfolk Island)",Endangered,Animalia,Aves,0,0,0,0,0,0,0,0,Birds
Nitella parooensis,a green alga,Critically Endangered,Plantae,Streptophyta (no class),0,1,0,0,0,0,0,0,Plants
Notamacropus parma,Parma Wallaby,Vulnerable,Animalia,Mammalia,0,1,0,0,0,0,0,0,Mammals
Notechis scutatus ater,Krefft's Tiger Snake (Flinders Ranges),Vulnerable,Animalia,Reptilia,0,0,0,0,1,0,0,0,Reptiles
Notelaea ipsviciensis,Cooneana Olive,Critically Endangered,Plantae,Magnoliopsida,0,0,0,1,0,0,0,0,Plants
Notelaea lloydii,Lloyd's Olive,Vulnerable,Plantae,Magnoliopsida,0,0,0,1,0,0,0,0,Plants
Notomys aquilo,"Northern Hopping-mouse, Woorrentinta",Endangered,Animalia,Mammalia,0,0,1,1,0,0,0,0,Mammals
Notomys fuscus,"Dusky Hopping-mouse, Wilkiniti",Vulnerable,Animalia,Mammalia,0,1,1,1,1,0,0,0,Mammals
Numenius madagascariensis,"Eastern Curlew, Far Eastern Curlew",Critically Endangered,Animalia,Aves,0,1,1,1,1,1,1,1,Birds
Nyctophilopython oenpelliensis,"Nawaran, Oenpelli Python, Oenpelli Rock Python",Vulnerable,Animalia,Reptilia,0,0,1,0,0,0,0,0,Reptiles
Nyctophilus corbeni,"Corben's Long-eared Bat, South-eastern Long-eared Bat",Vulnerable,Animalia,Mammalia,0,1,0,1,1,0,1,0,Mammals
Oberonia attenuata,Mossman Fairy Orchid,Critically Endangered,Plantae,Liliopsida,0,0,0,1,0,0,0,0,Plants
Ochrosia moorei,Southern Ochrosia,Endangered,Plantae,Magnoliopsida,0,1,0,1,0,0,0,0,Plants
Oedura lineata,Arcadia Velvet Gecko,Critically Endangered,Animalia,Reptilia,0,0,0,1,0,0,0,0,Reptiles
Ogyris subterrestris petrina,Arid Bronze Azure,Critically Endangered,Animalia,Insecta,0,0,0,0,0,0,0,1,Invertebrates
Olax angulata,Minnie Waters Olax,Vulnerable,Plantae,Magnoliopsida,0,1,0,0,0,0,0,0,Plants
Olearia arckaringensis,Arckaringa Daisy,Endangered,Plantae,Magnoliopsida,0,0,0,0,1,0,0,0,Plants
Olearia astroloba,Marble Daisy-bush,Vulnerable,Plantae,Magnoliopsida,0,0,0,0,0,0,1,0,Plants
Olearia cordata,-,Vulnerable,Plantae,Magnoliopsida,0,1,0,0,0,0,0,0,Plants
Olearia flocktoniae,Dorrigo Daisy-bush,Endangered,Plantae,Magnoliopsida,0,1,0,0,0,0,0,0,Plants
Olearia hygrophila,"Swamp Daisy, Water Daisy",Endangered,Plantae,Magnoliopsida,0,0,0,1,0,0,0,0,Plants
Olearia macdonnellensis,-,Vulnerable,Plantae,Magnoliopsida,0,0,1,0,0,0,0,0,Plants
Olearia microdisca,Small-flowered Daisy-bush,Endangered,Plantae,Magnoliopsida,0,0,0,0,1,0,0,0,Plants
Olearia pannosa subsp. pannosa,"Silver Daisy-bush, Silver-leaved Daisy, Velvet Daisy-bush",Vulnerable,Plantae,Magnoliopsida,0,0,0,0,1,0,0,0,Plants
Olearia rugosa subsp. distalilobata,-,Endangered,Plantae,Magnoliopsida,0,1,0,0,0,0,1,0,Plants
Oligosoma lichenigerum,"Lord Howe and Norfolk Islands Skink, Lord Howe Island Skink",Vulnerable,Animalia,Reptilia,0,1,0,0,0,0,0,0,Reptiles
Omphalea celata,-,Vulnerable,Plantae,Magnoliopsida,0,0,0,1,0,0,0,0,Plants
Onychogalea fraenata,"Bridled Nail-tail Wallaby, Bridled Nailtail Wallaby",Endangered,Animalia,Mammalia,0,1,0,1,1,0,1,0,Mammals
Ophidiocephalus taeniatus,Bronzeback Snake-lizard,Vulnerable,Animalia,Reptilia,0,0,1,0,1,0,0,0,Reptiles
Ophisternon candidum,Blind Cave Eel,Vulnerable,Animalia,Actinopterygii,0,0,0,0,0,0,0,1,Fish
Orcaella heinsohni,Australian Snubfin  Dolphin,Vulnerable,Animalia,Mammalia,0,0,1,1,0,0,0,1,Mammals
Ordtrachia septentrionalis,Rosewood Keeled Snail,Critically Endangered,Animalia,Gastropoda,0,0,1,0,0,0,0,1,Invertebrates
Oreisplanus munionga larana,"Marrawah Skipper, Alpine Sedge Skipper, Alpine Skipper",Vulnerable,Animalia,Insecta,0,0,0,0,0,1,0,0,Invertebrates
Oreixenica ptunarra,"Ptunarra Brown, Ptunarra Brown Butterfly, Ptunarra Xenica",Endangered,Animalia,Insecta,0,0,0,0,0,1,0,0,Invertebrates
Oreogrammitis reinwardtii,-,Vulnerable,Plantae,Polypodiatae,0,0,0,1,0,0,0,0,Plants
Ornduffia calthifolia,Mountain Villarsia,Endangered,Plantae,Magnoliopsida,0,0,0,0,0,0,0,1,Plants
Orraya occultus,"Long-necked Northern Leaf-tailed Gecko, McIlwraith Leaf-tailed Gecko",Critically Endangered,Animalia,Reptilia,0,0,0,1,0,0,0,0,Reptiles
Osphranter robustus isabellinus,"Barrow Island Wallaroo, Barrow Island Euro",Vulnerable,Animalia,Mammalia,0,0,0,0,0,0,0,1,Mammals
Owenia cepiodora,"Onionwood, Bog Onion, Onion Cedar",Vulnerable,Plantae,Magnoliopsida,0,1,0,1,0,0,0,0,Plants
Ozothamnus eriocephalus,-,Vulnerable,Plantae,Magnoliopsida,0,0,0,1,0,0,0,0,Plants
Ozothamnus reflexifolius,Reflexed Everlasting,Vulnerable,Plantae,Magnoliopsida,0,0,0,0,0,1,0,0,Plants
Ozothamnus tesselatus,-,Vulnerable,Plantae,Magnoliopsida,0,1,0,0,0,0,0,0,Plants
Ozothamnus vagans,Wollumbin Dogwood,Vulnerable,Plantae,Magnoliopsida,0,1,0,1,0,0,0,0,Plants
Pachycephala pectoralis xanthoprocta,Golden Whistler (Norfolk Island),Vulnerable,Animalia,Aves,0,0,0,0,0,0,0,0,Birds
Pachycephala rufogularis,Red-lored Whistler,Vulnerable,Animalia,Aves,0,1,0,0,1,0,1,0,Birds
Pachyptila turtur subantarctica,Fairy Prion (southern),Vulnerable,Animalia,Aves,0,1,0,1,1,1,1,1,Birds
Pandanus spiralis var. flammeus,Edgar Range Pandanus,Endangered,Plantae,Liliopsida,0,0,0,0,0,0,0,1,Plants
Papasula abbotti,Abbott's Booby,Endangered,Animalia,Aves,0,0,0,0,0,0,0,0,Birds
Paracaleana dixonii,Sandplain Duck Orchid,Endangered,Plantae,Liliopsida,0,0,0,0,0,0,0,1,Plants
Paragalaxias dissimilis,Shannon Paragalaxias,Vulnerable,Animalia,Actinopterygii,0,0,0,0,0,1,0,0,Fish
Paragalaxias eleotroides,Great Lake Paragalaxias,Vulnerable,Animalia,Actinopterygii,0,0,0,0,0,1,0,0,Fish
Paragalaxias mesotes,Arthurs Paragalaxias,Endangered,Animalia,Actinopterygii,0,0,0,0,0,1,0,0,Fish
Paragoodia crenulata,-,Critically Endangered,Plantae,Magnoliopsida,0,0,0,0,0,0,0,1,Plants
Paralucia pyrodiscus lucida,Eltham Copper Butterfly,Endangered,Animalia,Insecta,0,0,0,0,0,0,1,0,Invertebrates
Paralucia spinifera,"Bathurst Copper Butterfly, Purple Copper Butterfly, Bathurst Copper, Bathurst Copper Wing, Bathurst-Lithgow Copper, Purple Copper",Vulnerable,Animalia,Insecta,0,1,0,0,0,0,0,0,Invertebrates
Parantechinus apicalis,Dibbler,Endangered,Animalia,Mammalia,0,0,0,0,0,0,0,1,Mammals
Pardalotus quadragintus,Forty-spotted Pardalote,Endangered,Animalia,Aves,0,0,0,0,0,1,0,0,Birds
Parsonsia dorrigoensis,Milky Silkpod,Endangered,Plantae,Magnoliopsida,0,1,0,0,0,0,0,0,Plants
Parsonsia larcomensis,Mt Larcom Silk Pod,Vulnerable,Plantae,Magnoliopsida,0,0,0,1,0,0,0,0,Plants
Parvulastra vivipara,Tasmanian Live-bearing Seastar,Vulnerable,Animalia,Asteroidea,0,0,0,0,0,1,0,0,Other
Paspalidium grandispiculatum,a grass,Vulnerable,Plantae,Liliopsida,0,1,0,1,0,0,0,0,Plants
Patersonia spirifolia,Spiral-leaved Patersonia,Endangered,Plantae,Liliopsida,0,0,0,0,0,0,0,1,Plants
Pedionomus torquatus,Plains-wanderer,Critically Endangered,Animalia,Aves,0,1,1,1,1,0,1,0,Birds
Pelargonium sp. Striatellum (G.W.Carr 10345),Omeo Stork's-bill,Endangered,Plantae,Magnoliopsida,1,1,0,0,0,0,1,0,Plants
Pennantia endlicheri,Pennantia,Endangered,Plantae,Magnoliopsida,0,0,0,0,0,0,0,0,Plants
Perameles bougainville,Shark Bay Bandicoot,Endangered,Animalia,Mammalia,0,1,0,0,1,0,0,1,Mammals
Perameles gunnii gunnii,Eastern Barred Bandicoot (Tasmania),Vulnerable,Animalia,Mammalia,0,0,0,0,0,1,0,0,Mammals
Perameles gunnii Victorian subspecies,Eastern Barred Bandicoot (Mainland),Endangered,Animalia,Mammalia,0,0,0,0,1,0,1,0,Mammals
Pericryptodrilus nanus,Lord Howe Earthworm,Critically Endangered,Animalia,Oligochaeta,0,1,0,0,0,0,0,0,Other
Persicaria elatior,"Knotweed, Tall Knotweed",Vulnerable,Plantae,Magnoliopsida,0,1,0,1,0,0,0,0,Plants
Persoonia acerosa,Needle Geebung,Endangered,Plantae,Magnoliopsida,0,1,0,0,0,0,0,0,Plants
Persoonia bargoensis,Bargo Geebung,Endangered,Plantae,Magnoliopsida,0,1,0,0,0,0,0,0,Plants
Persoonia glaucescens,Mittagong Geebung,Vulnerable,Plantae,Magnoliopsida,0,1,0,0,0,0,0,0,Plants
Persoonia hindii,-,Endangered,Plantae,Magnoliopsida,0,1,0,0,0,0,0,0,Plants
Persoonia hirsuta,"Hairy Geebung, Hairy Persoonia",Endangered,Plantae,Magnoliopsida,0,1,0,0,0,0,0,0,Plants
Persoonia marginata,Clandulla Geebung,Vulnerable,Plantae,Magnoliopsida,0,1,0,0,0,0,0,0,Plants
Persoonia micranthera,Small-flowered Snottygobble,Critically Endangered,Plantae,Magnoliopsida,0,0,0,0,0,0,0,1,Plants
Persoonia mollis subsp. maxima,-,Endangered,Plantae,Magnoliopsida,0,1,0,0,0,0,0,0,Plants
Persoonia mollis subsp. revoluta,-,Vulnerable,Plantae,Magnoliopsida,0,1,0,0,0,0,0,0,Plants
Persoonia nutans,Nodding Geebung,Endangered,Plantae,Magnoliopsida,0,1,0,0,0,0,0,0,Plants
Persoonia oxycoccoides,-,Endangered,Plantae,Magnoliopsida,0,1,0,0,0,0,0,0,Plants
Persoonia pauciflora,North Rothbury Persoonia,Critically Endangered,Plantae,Magnoliopsida,0,1,0,0,0,0,0,0,Plants
Petauroides minor,"Greater Glider (northern), Greater Glider (north-eastern Queensland)",Vulnerable,Animalia,Mammalia,0,0,0,1,0,0,0,0,Mammals
Petauroides volans,Greater Glider (southern and central),Endangered,Animalia,Mammalia,1,1,0,1,0,0,1,0,Mammals
Petaurus australis australis,Yellow-bellied Glider (south-eastern),Vulnerable,Animalia,Mammalia,1,1,0,1,0,0,1,0,Mammals
Petaurus australis Wet Tropics subspecies,"Yellow-bellied Glider (Wet Tropics), Fluffy Glider",Endangered,Animalia,Mammalia,0,0,0,1,0,0,0,0,Mammals
Petaurus gracilis,Mahogany Glider,Endangered,Animalia,Mammalia,0,0,0,1,0,0,0,0,Mammals
Petrogale coenensis,Cape York Rock-wallaby,Endangered,Animalia,Mammalia,0,0,0,1,0,0,0,0,Mammals
Petrogale concinna canescens,Nabarlek (Top End),Endangered,Animalia,Mammalia,0,0,1,0,0,0,0,0,Mammals
Petrogale concinna concinna,Nabarlek (Victoria River District),Critically Endangered,Animalia,Mammalia,0,0,1,0,0,0,0,0,Mammals
Petrogale concinna monastria,Nabarlek (Kimberley),Endangered,Animalia,Mammalia,0,0,0,0,0,0,0,1,Mammals
Petrogale lateralis centralis,"Warru, Central Australian Rock-wallaby",Vulnerable,Animalia,Mammalia,0,0,1,0,1,0,0,1,Mammals
Petrogale lateralis hacketti,Recherche Rock-wallaby,Vulnerable,Animalia,Mammalia,0,0,0,0,0,0,0,1,Mammals
Petrogale lateralis kimberleyensis,"Wiliji, West Kimberley Rock-wallaby",Endangered,Animalia,Mammalia,0,0,0,0,0,0,0,1,Mammals
Petrogale lateralis lateralis,"Black-flanked Rock-wallaby, Moororong, Black-footed Rock Wallaby",Endangered,Animalia,Mammalia,0,0,0,0,0,0,0,1,Mammals
Petrogale penicillata,Brush-tailed Rock-wallaby,Vulnerable,Animalia,Mammalia,1,1,0,1,0,0,1,0,Mammals
Petrogale persephone,Proserpine Rock-wallaby,Endangered,Animalia,Mammalia,0,0,0,1,0,0,0,0,Mammals
Petrogale sharmani,"Mount Claro Rock Wallaby, Sharman's Rock Wallaby",Vulnerable,Animalia,Mammalia,0,0,0,1,0,0,0,0,Mammals
Petrogale xanthopus celeris,Yellow-footed Rock-wallaby (central-western Queensland),Vulnerable,Animalia,Mammalia,0,0,0,1,0,0,0,0,Mammals
Petrogale xanthopus xanthopus,Yellow-footed Rock-wallaby (SA and NSW),Vulnerable,Animalia,Mammalia,0,1,0,0,1,0,0,0,Mammals
Petroica multicolor,"Norfolk Island Robin, Pacific Robin",Vulnerable,Animalia,Aves,0,0,0,0,0,0,0,0,Birds
Petrophile latericola,Laterite Petrophile,Endangered,Plantae,Magnoliopsida,0,0,0,0,0,0,0,1,Plants
Petrophile nivea,-,Vulnerable,Plantae,Magnoliopsida,0,0,0,0,0,0,0,1,Plants
Pezoporus flaviventris,"Western Ground Parrot, Kyloring",Critically Endangered,Animalia,Aves,0,0,0,0,0,0,0,1,Birds
Pezoporus occidentalis,Night Parrot,Critically Endangered,Animalia,Aves,0,1,1,1,1,0,1,1,Birds
Phaethon lepturus fulvus,"Christmas Island White-tailed Tropicbird, Golden Bosunbird",Endangered,Animalia,Aves,0,0,0,0,0,0,0,0,Birds
Phaethon rubricauda westralis,"Red-tailed Tropicbird (Indian Ocean), Indian Ocean Red-tailed Tropicbird",Endangered,Animalia,Aves,0,0,0,0,0,0,0,1,Birds
Phaius australis,Lesser Swamp-orchid,Endangered,Plantae,Liliopsida,0,1,0,1,0,0,0,0,Plants
Phaius bernaysii,Yellow Swamp-orchid,Endangered,Plantae,Liliopsida,0,0,0,1,0,0,0,0,Plants
Phaius pictus,-,Vulnerable,Plantae,Liliopsida,0,0,0,1,0,0,0,0,Plants
Phalaenopsis amabilis subsp. rosenstromii,Native Moth Orchid,Endangered,Plantae,Liliopsida,0,0,0,1,0,0,0,0,Plants
Phaleria biflora,-,Vulnerable,Plantae,Magnoliopsida,0,0,0,1,0,0,0,0,Plants
Phascogale calura,"Red-tailed Phascogale, Red-tailed Wambenger, Kenngoor",Vulnerable,Animalia,Mammalia,0,1,1,0,1,0,1,1,Mammals
Phascogale pirata,Northern Brush-tailed Phascogale,Vulnerable,Animalia,Mammalia,0,0,1,0,0,0,0,0,Mammals
Phascogale tapoatafa kimberleyensis,"Kimberley brush-tailed phascogale, Brush-tailed Phascogale (Kimberley)",Vulnerable,Animalia,Mammalia,0,0,0,0,0,0,0,1,Mammals
"Phascolarctos cinereus (combined populations of Qld, NSW and the ACT)","Koala (combined populations of Queensland, New South Wales and the Australian Capital Territory)",Endangered,Animalia,Mammalia,1,1,0,1,0,0,0,0,Mammals
Phebalium daviesii,"Davies' Waxflower, St Helens Waxflower",Critically Endangered,Plantae,Magnoliopsida,0,0,0,0,0,1,0,0,Plants
Phebalium distans,Mt Berryman Phebalium,Endangered,Plantae,Magnoliopsida,0,0,0,1,0,0,0,0,Plants
Phebalium glandulosum subsp. eglandulosum,Rusty Desert Phebalium,Vulnerable,Plantae,Magnoliopsida,0,1,0,1,0,0,0,0,Plants
Phebalium lowanense,Lowan Phebalium,Vulnerable,Plantae,Magnoliopsida,0,0,0,0,1,0,1,0,Plants
Phebalium speciosum,-,Critically Endangered,Plantae,Magnoliopsida,0,1,0,0,0,0,0,0,Plants
Phebalium whitei,-,Vulnerable,Plantae,Magnoliopsida,0,0,0,1,0,0,0,0,Plants
Pherosphaera fitzgeraldii,Dwarf Mountain Pine,Critically Endangered,Plantae,Pinatae,0,1,0,0,0,0,0,0,Plants
Philoria frosti,Baw Baw Frog,Critically Endangered,Animalia,Amphibia,0,0,0,0,0,0,1,0,Frogs
Philoria knowlesi,Mount Ballow Mountain Frog,Endangered,Animalia,Amphibia,0,1,0,1,0,0,0,0,Frogs
Philoria kundagungan,Mountain Frog,Endangered,Animalia,Amphibia,0,1,0,1,0,0,0,0,Frogs
Philoria pughi,Pugh's Sphagnum Frog,Endangered,Animalia,Amphibia,0,1,0,0,0,0,0,0,Frogs
Philoria richmondensis,Richmond Range Sphagnum Frog,Endangered,Animalia,Amphibia,0,1,0,0,0,0,0,0,Frogs
Philoria sphagnicola,Sphagnum Frog,Vulnerable,Animalia,Amphibia,0,1,0,0,0,0,0,0,Frogs
Philotheca basistyla,White-flowered Philotheca,Endangered,Plantae,Magnoliopsida,0,0,0,0,0,0,0,1,Plants
Philotheca falcata,Sickle-leaved Waxflower,Critically Endangered,Plantae,Magnoliopsida,0,0,0,0,0,0,0,1,Plants
Philotheca freyciana,Freycinet Waxflower,Endangered,Plantae,Magnoliopsida,0,0,0,0,0,1,0,0,Plants
Philotheca obovatifolia,Mountain Wax-flower,Vulnerable,Plantae,Magnoliopsida,0,1,0,1,0,0,0,0,Plants
Philotheca papillata,-,Vulnerable,Plantae,Magnoliopsida,0,1,0,0,0,0,0,0,Plants
Philotheca wonganensis,Wongan Eriostemon,Endangered,Plantae,Magnoliopsida,0,0,0,0,0,0,0,1,Plants
Phlegmariurus carinatus,Keeled Tassel-fern,Endangered,Plantae,Lycopodopiatae,0,0,0,1,0,0,0,0,Plants
Phlegmariurus dalhousieanus,Blue Tassel-fern,Endangered,Plantae,Lycopodopiatae,0,0,0,1,0,0,0,0,Plants
Phlegmariurus filiformis,Rat's Tail Tassel-fern,Endangered,Plantae,Lycopodopiatae,0,0,0,1,0,0,0,0,Plants
Phlegmariurus lockyeri,-,Vulnerable,Plantae,Lycopodopiatae,0,0,0,1,0,0,0,0,Plants
Phlegmariurus marsupiiformis,Water Tassel-fern,Vulnerable,Plantae,Lycopodopiatae,0,0,0,1,0,0,0,0,Plants
Phlegmariurus squarrosus,"Rock Tassel-fern, Water Tassel-fern",Critically Endangered,Plantae,Lycopodopiatae,0,0,0,1,0,0,0,0,Plants
Phlegmariurus tetrastichoides,Square Tassel Fern,Vulnerable,Plantae,Lycopodopiatae,0,0,0,1,0,0,0,0,Plants
Phoebetria fusca,Sooty Albatross,Vulnerable,Animalia,Aves,0,1,0,1,1,1,1,1,Birds
Phreatia limenophylax,Norfolk Island Phreatia,Critically Endangered,Plantae,Liliopsida,0,0,0,0,0,0,0,0,Plants
Phreatia paleata,White Lace Orchid,Endangered,Plantae,Liliopsida,0,0,0,0,0,0,0,0,Plants
Phyllodes imperialis smithersi,Pink Underwing Moth,Endangered,Animalia,Insecta,0,1,0,1,0,0,0,0,Invertebrates
Phyllota humifusa,Dwarf Phyllota,Vulnerable,Plantae,Magnoliopsida,0,1,0,0,0,0,0,0,Plants
Phyllurus caudiannulatus,Ringed Thin-tail Gecko,Endangered,Animalia,Reptilia,0,0,0,1,0,0,0,0,Reptiles
Phyllurus gulbaru,Gulbaru Gecko,Critically Endangered,Animalia,Reptilia,0,0,0,1,0,0,0,0,Reptiles
Phyllurus kabikabi,Oakview Leaf-tailed Gecko,Critically Endangered,Animalia,Reptilia,0,0,0,1,0,0,0,0,Reptiles
Phyllurus pinnaclensis,Pinnacles Leaf-tailed Gecko,Critically Endangered,Animalia,Reptilia,0,0,0,1,0,0,0,0,Reptiles
Picris evae,Hawkweed,Vulnerable,Plantae,Magnoliopsida,0,1,0,1,0,0,0,0,Plants
Pimelea axiflora subsp. pubescens,Bungonia Rice-flower,Endangered,Plantae,Magnoliopsida,0,1,0,0,0,0,0,0,Plants
Pimelea bracteata,-,Critically Endangered,Plantae,Magnoliopsida,0,1,0,0,0,0,0,0,Plants
Pimelea cremnophila,-,Critically Endangered,Plantae,Magnoliopsida,0,1,0,0,0,0,0,0,Plants
Pimelea curviflora var. curviflora,-,Vulnerable,Plantae,Magnoliopsida,0,1,0,0,0,0,0,0,Plants
Pimelea leptospermoides,-,Vulnerable,Plantae,Magnoliopsida,0,0,0,1,0,0,0,0,Plants
Pimelea pagophila,Grampians Rice-flower,Vulnerable,Plantae,Magnoliopsida,0,0,0,0,0,0,1,0,Plants
Pimelea spicata,Spiked Rice-flower,Endangered,Plantae,Magnoliopsida,0,1,0,0,0,0,0,0,Plants
Pimelea spinescens subsp. pubiflora,Wimmera Rice-flower,Critically Endangered,Plantae,Magnoliopsida,0,0,0,0,0,0,1,0,Plants
Pimelea spinescens subsp. spinescens,"Plains Rice-flower, Spiny Rice-flower, Prickly Pimelea",Critically Endangered,Plantae,Magnoliopsida,0,0,0,0,0,0,1,0,Plants
Pimelea venosa,Bolivia Hill Rice-flower,Endangered,Plantae,Magnoliopsida,0,1,0,0,0,0,0,0,Plants
Pittosporum bracteolatum,Oleander,Vulnerable,Plantae,Magnoliopsida,0,0,0,0,0,0,0,0,Plants
Pittosporum kororoense,Big Banana Pittosporum,Critically Endangered,Plantae,Magnoliopsida,0,1,0,0,0,0,0,0,Plants
Pityrodia augustensis,Mt Augustus Foxglove,Vulnerable,Plantae,Magnoliopsida,0,0,0,0,0,0,0,1,Plants
Pityrodia scabra subsp. scabra,-,Endangered,Plantae,Magnoliopsida,0,0,0,0,0,0,0,1,Plants
Pityrodia sp. Marble Bar (G.Woodman & D.Coultas GWDC Opp 4),-,Endangered,Plantae,Magnoliopsida,0,0,0,0,0,0,0,1,Plants
Placostylus bivaricosus,"Lord Howe Flax Snail, Lord Howe Placostylus",Endangered,Animalia,Gastropoda,0,1,0,0,0,0,0,0,Invertebrates
Planchonella costata,Bastard Ironwood,Endangered,Plantae,Magnoliopsida,0,0,0,0,0,0,0,0,Plants
Planchonella eerwah,"Shiny-leaved Condoo, Black Plum, Wild Apple",Endangered,Plantae,Magnoliopsida,0,0,0,1,0,0,0,0,Plants
Platycercus caledonicus brownii,Green Rosella (King Island),Vulnerable,Animalia,Aves,0,0,0,0,0,1,0,0,Birds
Platycercus elegans melanopterus,Kangaroo Island Crimson Rosella,Vulnerable,Animalia,Aves,0,0,0,0,1,0,0,0,Birds
Plectranthus gratus,-,Vulnerable,Plantae,Magnoliopsida,0,0,0,1,0,0,0,0,Plants
Plectranthus habrophyllus,-,Endangered,Plantae,Magnoliopsida,0,0,0,1,0,0,0,0,Plants
Plectranthus leiperi,-,Vulnerable,Plantae,Magnoliopsida,0,0,0,1,0,0,0,0,Plants
Plectranthus nitidus,"Nightcap Plectranthus, Silver Plectranthus",Endangered,Plantae,Magnoliopsida,0,1,0,1,0,0,0,0,Plants
Plectranthus omissus,-,Endangered,Plantae,Magnoliopsida,0,0,0,1,0,0,0,0,Plants
Plectranthus torrenticola,-,Endangered,Plantae,Magnoliopsida,0,0,0,1,0,0,0,0,Plants
Plesioneuron tuberculatum,-,Endangered,Plantae,Polypodiatae,0,0,0,1,0,0,0,0,Plants
Pleuropappus phyllocalymmeus,Silver Candles,Vulnerable,Plantae,Magnoliopsida,0,0,0,0,1,0,0,0,Plants
Plinthanthesis rodwayi,Budawangs Wallaby-grass,Critically Endangered,Plantae,Liliopsida,0,1,0,0,0,0,0,0,Plants
Pluvialis squatarola,Grey Plover,Vulnerable,Animalia,Aves,0,1,1,1,1,1,1,1,Birds
Pneumatopteris truncata,fern,Critically Endangered,Plantae,Polypodiatae,0,0,0,0,0,0,0,0,Plants
Poa sallacustris,Salt-lake Tussock-grass,Vulnerable,Plantae,Liliopsida,0,0,0,0,0,0,1,0,Plants
Poephila cincta cincta,Southern Black-throated Finch,Endangered,Animalia,Aves,0,1,0,1,0,0,0,0,Birds
Polianthion minutiflorum,-,Vulnerable,Plantae,Magnoliopsida,0,0,0,1,0,0,0,0,Plants
Polyphlebium endlicherianum,Middle Filmy Fern,Endangered,Plantae,Polypodiatae,0,0,0,1,0,0,0,0,Plants
Polyscias bellendenkerensis,-,Vulnerable,Plantae,Magnoliopsida,0,0,0,1,0,0,0,0,Plants
Polystichum moorei,Rock Shield Fern,Endangered,Plantae,Polypodiatae,0,1,0,0,0,0,0,0,Plants
Polytelis alexandrae,"Princess Parrot, Alexandra's Parrot",Vulnerable,Animalia,Aves,0,0,1,0,1,0,0,1,Birds
Polytelis anthopeplus monarchoides,Regent Parrot (eastern),Vulnerable,Animalia,Aves,0,1,0,0,1,0,1,0,Birds
Polytelis swainsonii,Superb Parrot,Vulnerable,Animalia,Aves,1,1,0,0,0,0,1,0,Birds
Pomaderris brunnea,"Rufous Pomaderris, Brown Pomaderris",Vulnerable,Plantae,Magnoliopsida,0,1,0,0,0,0,1,0,Plants
Pomaderris clivicola,-,Vulnerable,Plantae,Magnoliopsida,0,0,0,1,0,0,0,0,Plants
Pomaderris cocoparrana,-,Endangered,Plantae,Magnoliopsida,0,1,0,0,0,0,0,0,Plants
Pomaderris cotoneaster,Cotoneaster Pomaderris,Endangered,Plantae,Magnoliopsida,0,1,0,0,0,0,1,0,Plants
Pomaderris delicata,-,Critically Endangered,Plantae,Magnoliopsida,0,1,0,0,0,0,0,0,Plants
Pomaderris gilmourii var. cana,Grey Deua Pomaderris,Critically Endangered,Plantae,Magnoliopsida,0,1,0,0,0,0,0,0,Plants
Pomaderris gilmourii var. gilmourii,-,Endangered,Plantae,Magnoliopsida,0,1,0,0,0,0,0,0,Plants
Pomaderris halmaturina subsp. halmaturina,Kangaroo Island Pomaderris,Vulnerable,Plantae,Magnoliopsida,0,0,0,0,1,0,0,0,Plants
Pomaderris pallida,Pale Pomaderris,Vulnerable,Plantae,Magnoliopsida,1,1,0,0,0,0,0,0,Plants
Pomaderris parrisiae,Parris' Pomaderris,Vulnerable,Plantae,Magnoliopsida,0,1,0,0,0,0,0,0,Plants
Pomaderris pilifera subsp. talpicutica,Moleskin Dogwood,Vulnerable,Plantae,Magnoliopsida,0,0,0,0,0,1,0,0,Plants
Pomaderris reperta,Denman Pomaderris,Critically Endangered,Plantae,Magnoliopsida,0,1,0,0,0,0,0,0,Plants
Pomaderris sericea,Bent Pomaderris,Critically Endangered,Plantae,Magnoliopsida,0,1,0,0,0,0,1,0,Plants
Pomaderris subplicata,Concave Pomaderris,Vulnerable,Plantae,Magnoliopsida,0,0,0,0,0,0,1,0,Plants
Pomaderris vacciniifolia,Round-leaf Pomaderris,Critically Endangered,Plantae,Magnoliopsida,0,0,0,0,0,0,1,0,Plants
Pomaderris walshii,Carrington Falls Pomaderris,Critically Endangered,Plantae,Magnoliopsida,0,1,0,0,0,0,0,0,Plants
Pommerhelix duralensis,Dural Land Snail,Endangered,Animalia,Gastropoda,0,1,0,0,0,0,0,0,Invertebrates
Poranthera petalifera,Mountain Poranthera,Vulnerable,Plantae,Magnoliopsida,0,0,0,0,0,1,0,0,Plants
Potorous gilbertii,"Gilbert's Potoroo, Ngilkat",Critically Endangered,Animalia,Mammalia,0,0,0,0,0,0,0,1,Mammals
Potorous longipes,Long-footed Potoroo,Endangered,Animalia,Mammalia,0,1,0,0,0,0,1,0,Mammals
Potorous tridactylus tridactylus,Long-nosed Potoroo (northern),Vulnerable,Animalia,Mammalia,0,1,0,1,0,0,0,0,Mammals
Potorous tridactylus trisulcatus,Long-nosed Potoroo (southern mainland),Vulnerable,Animalia,Mammalia,0,1,0,0,1,0,1,0,Mammals
Prasophyllum affine,Jervis Bay Leek Orchid,Endangered,Plantae,Liliopsida,0,1,0,0,0,0,0,0,Plants
Prasophyllum amoenum,Dainty Leek-orchid,Endangered,Plantae,Liliopsida,0,0,0,0,0,1,0,0,Plants
Prasophyllum apoxychilum,Tapered Leek-orchid,Endangered,Plantae,Liliopsida,0,0,0,0,0,1,0,0,Plants
Prasophyllum atratum,Three Hummock Leek-orchid,Critically Endangered,Plantae,Liliopsida,0,0,0,0,0,1,0,0,Plants
Prasophyllum bagoense,Bago Leek-orchid,Critically Endangered,Plantae,Liliopsida,0,1,0,0,0,0,0,0,Plants
Prasophyllum castaneum,Chestnut Leek-orchid,Critically Endangered,Plantae,Liliopsida,0,0,0,0,0,1,0,0,Plants
Prasophyllum colemaniae,Lilac Leek-orchid,Vulnerable,Plantae,Liliopsida,0,0,0,0,0,0,1,0,Plants
Prasophyllum correctum,Gaping Leek-orchid,Endangered,Plantae,Liliopsida,0,0,0,0,0,0,1,0,Plants
Prasophyllum crebriflorum,Crowded Leek-Orchid,Endangered,Plantae,Liliopsida,0,0,0,0,0,1,0,0,Plants
Prasophyllum diversiflorum,Gorae Leek-orchid,Endangered,Plantae,Liliopsida,0,0,0,0,0,0,1,0,Plants
Prasophyllum favonium,Western Leek-orchid,Critically Endangered,Plantae,Liliopsida,0,0,0,0,0,1,0,0,Plants
Prasophyllum frenchii,"Maroon Leek-orchid, Slaty Leek-orchid, Stout Leek-orchid, French's Leek-orchid, Swamp Leek-orchid",Endangered,Plantae,Liliopsida,0,0,0,0,1,0,1,0,Plants
Prasophyllum fuscum,"Tawny Leek-orchid, Slaty Leek-orchid",Vulnerable,Plantae,Liliopsida,0,1,0,0,0,0,0,0,Plants
Prasophyllum goldsackii,Goldsack's Leek-orchid,Endangered,Plantae,Liliopsida,0,0,0,0,1,0,0,0,Plants
Prasophyllum incorrectum,Golfers Leek-orchid,Critically Endangered,Plantae,Liliopsida,0,0,0,0,0,1,0,0,Plants
Prasophyllum innubum,Brandy Marys Leek-orchid,Critically Endangered,Plantae,Liliopsida,0,1,0,0,0,0,0,0,Plants
Prasophyllum keltonii,Kelton's Leek-orchid,Critically Endangered,Plantae,Liliopsida,0,1,0,0,0,0,0,0,Plants
Prasophyllum laxum,Lax Leek Orchid,Critically Endangered,Plantae,Liliopsida,0,0,0,0,1,0,0,0,Plants
Prasophyllum limnetes,Marsh Leek-orchid,Critically Endangered,Plantae,Liliopsida,0,0,0,0,0,1,0,0,Plants
Prasophyllum littorale,Coastal Leek Orchid,Critically Endangered,Plantae,Liliopsida,0,0,0,0,1,0,1,0,Plants
Prasophyllum milfordense,Milford Leek-orchid,Critically Endangered,Plantae,Liliopsida,0,0,0,0,0,1,0,0,Plants
Prasophyllum morganii,"Mignonette Leek-orchid, Cobungra Leek-orchid, Dense Leek-orchid",Vulnerable,Plantae,Liliopsida,0,1,0,0,0,0,1,0,Plants
Prasophyllum murfetii,Fleurieu Leek Orchid,Critically Endangered,Plantae,Liliopsida,0,0,0,0,1,0,0,0,Plants
Prasophyllum olidum,Pungent Leek-orchid,Critically Endangered,Plantae,Liliopsida,0,0,0,0,0,1,0,0,Plants
Prasophyllum pallidum,Pale Leek-orchid,Vulnerable,Plantae,Liliopsida,0,0,0,0,1,0,1,0,Plants
Prasophyllum perangustum,Knocklofty Leek-orchid,Critically Endangered,Plantae,Liliopsida,0,0,0,0,0,1,0,0,Plants
Prasophyllum petilum,Tarengo Leek Orchid,Endangered,Plantae,Liliopsida,1,1,0,0,0,0,0,0,Plants
Prasophyllum pruinosum,Plum Leek-orchid,Endangered,Plantae,Liliopsida,0,0,0,0,1,0,0,0,Plants
Prasophyllum pulchellum,Pretty Leek-orchid,Critically Endangered,Plantae,Liliopsida,0,0,0,0,0,1,0,0,Plants
Prasophyllum robustum,Robust Leek-orchid,Critically Endangered,Plantae,Liliopsida,0,0,0,0,0,1,0,0,Plants
Prasophyllum secutum,Northern Leek-orchid,Endangered,Plantae,Liliopsida,0,0,0,0,0,1,0,0,Plants
Prasophyllum sp. Wybong (C.Phelps ORG 5269),a leek-orchid,Critically Endangered,Plantae,Liliopsida,0,1,0,0,0,0,0,0,Plants
Prasophyllum spicatum,Dense Leek-orchid,Vulnerable,Plantae,Liliopsida,0,0,0,0,1,0,1,0,Plants
Prasophyllum stellatum,Ben Lomond Leek-orchid,Critically Endangered,Plantae,Liliopsida,0,0,0,0,0,1,0,0,Plants
Prasophyllum suaveolens,Fragrant Leek-orchid,Endangered,Plantae,Liliopsida,0,0,0,0,0,0,1,0,Plants
Prasophyllum subbisectum,Pomonal Leek-orchid,Endangered,Plantae,Liliopsida,0,0,0,0,0,0,1,0,Plants
Prasophyllum taphanyx,Graveside Leek-orchid,Critically Endangered,Plantae,Liliopsida,0,0,0,0,0,1,0,0,Plants
Prasophyllum tunbridgense,Tunbridge Leek-orchid,Endangered,Plantae,Liliopsida,0,0,0,0,0,1,0,0,Plants
Prasophyllum uvidulum,Shelley Leek Orchid,Critically Endangered,Plantae,Liliopsida,0,0,0,0,0,0,1,0,Plants
Prasophyllum validum,"Sturdy Leek-orchid, Mount Remarkable Leek-orchid",Vulnerable,Plantae,Liliopsida,0,0,0,0,1,0,1,0,Plants
Prasophyllum wallum,Wallum Leek-orchid,Vulnerable,Plantae,Liliopsida,0,0,0,1,0,0,0,0,Plants
Pristis clavata,"Dwarf Sawfish, Queensland Sawfish",Vulnerable,Animalia,Chondrichthyes,0,0,1,1,0,0,0,1,Fish
Pristis pristis,"Largetooth Sawfish, Freshwater Sawfish, River Sawfish, Leichhardt's Sawfish, Northern Sawfish",Endangered,Animalia,Chondrichthyes,0,0,1,1,0,0,0,1,Fish
Pristis zijsron,"Green Sawfish, Dindagubba, Narrowsnout Sawfish",Vulnerable,Animalia,Chondrichthyes,0,1,1,1,0,0,0,1,Fish
Probosciger aterrimus macgillivrayi,Palm Cockatoo (Australian),Vulnerable,Animalia,Aves,0,0,0,1,0,0,0,0,Birds
Promethis sterrha,a beetle,Critically Endangered,Animalia,Insecta,0,1,0,0,0,0,0,0,Invertebrates
Prostanthera albohirta,-,Critically Endangered,Plantae,Magnoliopsida,0,0,0,1,0,0,0,0,Plants
Prostanthera askania,"Tranquillity Mintbush, Tranquility Mintbush",Endangered,Plantae,Magnoliopsida,0,1,0,0,0,0,0,0,Plants
Prostanthera calycina,"West Coast Mintbush, Limestone Mintbush, Red Mintbush",Vulnerable,Plantae,Magnoliopsida,0,0,0,0,1,0,0,0,Plants
Prostanthera cineolifera,-,Vulnerable,Plantae,Magnoliopsida,0,1,0,0,0,0,0,0,Plants
Prostanthera clotteniana,-,Critically Endangered,Plantae,Magnoliopsida,0,0,0,1,0,0,0,0,Plants
Prostanthera cryptandroides subsp. cryptandroides,Wollemi Mint-bush,Vulnerable,Plantae,Magnoliopsida,0,1,0,0,0,0,0,0,Plants
Prostanthera densa,Villous Mintbush,Vulnerable,Plantae,Magnoliopsida,0,1,0,0,0,0,0,0,Plants
Prostanthera discolor,-,Vulnerable,Plantae,Magnoliopsida,0,1,0,0,0,0,0,0,Plants
Prostanthera eurybioides,Monarto Mintbush,Endangered,Plantae,Magnoliopsida,0,0,0,0,1,0,0,0,Plants
Prostanthera galbraithiae,Wellington Mintbush,Vulnerable,Plantae,Magnoliopsida,0,0,0,0,0,0,1,0,Plants
Prostanthera gilesii,-,Critically Endangered,Plantae,Magnoliopsida,0,1,0,0,0,0,0,0,Plants
Prostanthera junonis,Somersby Mintbush,Endangered,Plantae,Magnoliopsida,0,1,0,0,0,0,0,0,Plants
Prostanthera marifolia,Seaforth Mintbush,Critically Endangered,Plantae,Magnoliopsida,0,1,0,0,0,0,0,0,Plants
Prostanthera nudula,Mount Illbilie Mintbush,Vulnerable,Plantae,Magnoliopsida,0,0,0,0,1,0,0,0,Plants
Prostanthera palustris,Swamp Mint-bush,Critically Endangered,Plantae,Magnoliopsida,0,1,0,0,0,0,0,0,Plants
Prostanthera schultzii,-,Vulnerable,Plantae,Magnoliopsida,0,0,1,0,0,0,0,0,Plants
Prostanthera sp. Dunmore (D.M.Gordon 8A),-,Vulnerable,Plantae,Magnoliopsida,0,0,0,1,0,0,0,0,Plants
Prostanthera sp. Rowleys Creek (L.M.Copeland 4288),-,Critically Endangered,Plantae,Magnoliopsida,0,1,0,0,0,0,0,0,Plants
Prostanthera spathulata,-,Vulnerable,Plantae,Magnoliopsida,0,0,0,1,0,0,0,0,Plants
Prostanthera staurophylla,a mint-bush,Critically Endangered,Plantae,Magnoliopsida,0,1,0,0,0,0,0,0,Plants
Prostanthera stricta,Mount Vincent Mintbush,Vulnerable,Plantae,Magnoliopsida,0,1,0,0,0,0,0,0,Plants
Prostanthera tallowa,-,Endangered,Plantae,Magnoliopsida,0,1,0,0,0,0,0,0,Plants
Prototroctes maraena,Australian Grayling,Vulnerable,Animalia,Actinopterygii,0,1,0,0,1,1,1,0,Fish
Psephotus chrysopterygius,"Golden-shouldered Parrot, Alwal, Thaku, Arrmorral, Minpin",Endangered,Animalia,Aves,0,0,0,1,0,0,0,0,Birds
Pseudemoia cryodroma,"Alpine Bog Skink, Alpine Bog-skink",Endangered,Animalia,Reptilia,0,1,0,0,0,0,1,0,Reptiles
Pseudemoia rawlinsoni,"Glossy Grass Skink, Swampland Cool-skink, Rawlinson's Window-eyed Skink",Vulnerable,Animalia,Reptilia,1,1,0,0,1,1,1,0,Reptiles
Pseudemydura umbrina,Western Swamp Tortoise,Critically Endangered,Animalia,Reptilia,0,0,0,0,0,0,0,1,Reptiles
Pseudocephalozia paludicola,Alpine Leafy Liverwort,Vulnerable,Plantae,Bryopsida,0,0,0,0,0,1,1,0,Plants
Pseudocharopa ledgbirdi,Mount Lidgbird Charopid Land Snail,Critically Endangered,Animalia,Gastropoda,0,1,0,0,0,0,0,0,Invertebrates
Pseudocharopa whiteleggei,Whitelegge's Land Snail,Critically Endangered,Animalia,Gastropoda,0,1,0,0,0,0,0,0,Invertebrates
Pseudocheirus occidentalis,"Western Ringtail Possum, Ngwayir, Womp, Woder, Ngoor, Ngoolangit",Critically Endangered,Animalia,Mammalia,0,0,0,0,0,0,0,1,Mammals
Pseudococcus markharveyi,Banksia montana mealybug,Critically Endangered,Animalia,Insecta,0,0,0,0,0,0,0,1,Invertebrates
Pseudomugil mellis,"Honey Blue Eye, Honey Blue-eye",Endangered,Animalia,Actinopterygii,0,0,0,1,0,0,0,0,Fish
Pseudomys australis,"Plains Rat, Palyoora, Plains Mouse",Vulnerable,Animalia,Mammalia,0,1,1,1,1,0,0,1,Mammals
Pseudomys fieldi,"Shark Bay Mouse, Djoongari, Alice Springs Mouse",Vulnerable,Animalia,Mammalia,0,0,1,0,1,0,0,1,Mammals
Pseudomys fumeus,"Smoky Mouse, Konoom",Endangered,Animalia,Mammalia,1,1,0,0,1,0,1,0,Mammals
Pseudomys novaehollandiae,"New Holland Mouse, Pookila",Vulnerable,Animalia,Mammalia,1,1,0,1,0,1,1,0,Mammals
Pseudomys oralis,"Hastings River Mouse, Koontoo",Endangered,Animalia,Mammalia,0,1,0,1,0,0,0,0,Mammals
Pseudomys pilligaensis,"Pilliga Mouse, Poolkoo",Vulnerable,Animalia,Mammalia,0,1,0,0,0,0,0,0,Mammals
Pseudomys shortridgei,"Heath Mouse, Dayang, Heath Rat",Endangered,Animalia,Mammalia,0,0,0,0,1,0,1,1,Mammals
Pseudophryne corroboree,Southern Corroboree Frog,Critically Endangered,Animalia,Amphibia,0,1,0,0,0,0,0,0,Frogs
Pseudophryne covacevichae,Magnificent Brood Frog,Vulnerable,Animalia,Amphibia,0,0,0,1,0,0,0,0,Frogs
Pseudophryne pengilleyi,Northern Corroboree Frog,Critically Endangered,Animalia,Amphibia,1,1,0,0,0,0,0,0,Frogs
Psophodes leucogaster leucogaster,Mallee Whipbird,Endangered,Animalia,Aves,0,0,0,0,1,0,1,0,Birds
Psophodes nigrogularis lashmari,Western Whipbird (Kangaroo Island),Endangered,Animalia,Aves,0,0,0,0,1,0,0,0,Birds
Psophodes nigrogularis nigrogularis,Western Heath Whipbird,Endangered,Animalia,Aves,0,0,0,0,0,0,0,1,Birds
Pteris kingiana,King's Brakefern,Endangered,Plantae,Polypodiatae,0,0,0,0,0,0,0,0,Plants
Pteris zahlbruckneriana,Netted Brakefern,Endangered,Plantae,Polypodiatae,0,0,0,0,0,0,0,0,Plants
Pterodroma heraldica,Herald Petrel,Critically Endangered,Animalia,Aves,0,0,0,1,0,0,0,0,Birds
Pterodroma leucoptera leucoptera,"Gould's Petrel, Australian Gould's Petrel",Endangered,Animalia,Aves,0,1,0,1,1,1,1,0,Birds
Pterodroma mollis,Soft-plumaged Petrel,Vulnerable,Animalia,Aves,0,0,0,0,1,1,1,1,Birds
Pterodroma neglecta neglecta,Kermadec Petrel (western),Vulnerable,Animalia,Aves,0,1,0,1,0,0,0,0,Birds
Pteropus conspicillatus,Spectacled Flying-fox,Endangered,Animalia,Mammalia,0,0,0,1,0,0,0,0,Mammals
Pteropus natalis,"Christmas Island Flying-fox, Christmas Island Fruit-bat",Critically Endangered,Animalia,Mammalia,0,0,0,0,0,0,0,0,Mammals
Pteropus poliocephalus,Grey-headed Flying-fox,Vulnerable,Animalia,Mammalia,1,1,0,1,1,0,1,0,Mammals
Pterostylis arenicola,Sandhill Greenhood Orchid,Vulnerable,Plantae,Liliopsida,0,0,0,0,1,0,0,0,Plants
Pterostylis basaltica,Basalt Greenhood,Endangered,Plantae,Liliopsida,0,0,0,0,0,0,1,0,Plants
Pterostylis bicornis,-,Vulnerable,Plantae,Liliopsida,0,1,0,1,0,0,0,0,Plants
Pterostylis bryophila,Hindmarsh Valley Greenhood,Critically Endangered,Plantae,Liliopsida,0,0,0,0,1,0,0,0,Plants
Pterostylis cheraphila,Floodplain Rustyhood,Vulnerable,Plantae,Liliopsida,0,0,0,0,0,0,1,0,Plants
Pterostylis chlorogramma,Green-striped Greenhood,Vulnerable,Plantae,Liliopsida,0,0,0,0,1,0,1,0,Plants
Pterostylis commutata,Midland Greenhood,Critically Endangered,Plantae,Liliopsida,0,0,0,0,0,1,0,0,Plants
Pterostylis cucullata,Leafy Greenhood,Vulnerable,Plantae,Liliopsida,0,0,0,0,1,1,1,0,Plants
Pterostylis despectans,Lowly Greenhood,Endangered,Plantae,Liliopsida,0,1,0,0,1,0,1,0,Plants
Pterostylis gibbosa,"Illawarra Greenhood, Rufa Greenhood, Pouched Greenhood",Endangered,Plantae,Liliopsida,0,1,0,0,0,0,0,0,Plants
Pterostylis lepida,Halbury Greenhood,Endangered,Plantae,Liliopsida,0,0,0,0,1,0,0,0,Plants
Pterostylis metcalfei,Metcalfe's Greenhood,Endangered,Plantae,Liliopsida,0,1,0,0,0,0,0,0,Plants
Pterostylis mirabilis,Nodding Rufoushood,Vulnerable,Plantae,Liliopsida,0,0,0,0,1,0,0,0,Plants
Pterostylis oreophila,"Blue-tongued Orchid, Kiandra Greenhood",Critically Endangered,Plantae,Liliopsida,1,1,0,0,0,0,1,0,Plants
Pterostylis pratensis,Liawenee Greenhood,Vulnerable,Plantae,Liliopsida,0,0,0,0,0,1,0,0,Plants
Pterostylis psammophila,Two-bristle Greenhood,Critically Endangered,Plantae,Liliopsida,0,0,0,0,1,0,0,0,Plants
Pterostylis pulchella,Pretty Greenhood,Vulnerable,Plantae,Liliopsida,0,1,0,0,0,0,0,0,Plants
Pterostylis rubenachii,Arthur River Greenhood,Endangered,Plantae,Liliopsida,0,0,0,0,0,1,0,0,Plants
Pterostylis saxicola,Sydney Plains Greenhood,Endangered,Plantae,Liliopsida,0,1,0,0,0,0,0,0,Plants
Pterostylis sinuata,"Northampton Midget Greenhood, Western Swan Greenhood",Endangered,Plantae,Liliopsida,0,0,0,0,0,0,0,1,Plants
Pterostylis sp. Botany Bay (A.Bishop J221/1-13),"Botany Bay Bearded Greenhood, Botany Bay Bearded Orchid",Endangered,Plantae,Liliopsida,0,1,0,0,0,0,0,0,Plants
Pterostylis sp. Hale (R.Bates 21725),Hale Dwarf Greenhood,Endangered,Plantae,Liliopsida,0,0,0,0,1,0,0,0,Plants
Pterostylis tenuissima,"Swamp Greenhood, Dainty Swamp Orchid",Vulnerable,Plantae,Liliopsida,0,0,0,0,1,0,1,0,Plants
Pterostylis valida,Robust Greenhood,Critically Endangered,Plantae,Liliopsida,0,0,0,0,0,0,1,0,Plants
Pterostylis vernalis,Halbury Rustyhood,Critically Endangered,Plantae,Liliopsida,0,1,0,0,0,0,0,0,Plants
Pterostylis wapstrarum,Fleshy Greenhood,Critically Endangered,Plantae,Liliopsida,0,0,0,0,0,1,0,0,Plants
Pterostylis X aenigma,Enigmatic Greenhood,Endangered,Plantae,Liliopsida,0,0,0,0,0,0,1,0,Plants
Pterostylis xerophila,Desert Greenhood,Vulnerable,Plantae,Liliopsida,0,0,0,0,1,0,1,0,Plants
Pterostylis ziegeleri,"Grassland Greenhood, Cape Portland Greenhood",Vulnerable,Plantae,Liliopsida,0,0,0,0,0,1,0,0,Plants
Ptilotus beckerianus,Ironstone Mulla Mulla,Vulnerable,Plantae,Magnoliopsida,0,0,0,0,1,0,0,0,Plants
Ptilotus brachyanthus,-,Endangered,Plantae,Magnoliopsida,0,0,0,1,0,0,0,0,Plants
Ptilotus pyramidatus,Pyramid Mulla-mulla,Critically Endangered,Plantae,Magnoliopsida,0,0,0,0,0,0,0,1,Plants
Ptilotus uncinellus,-,Endangered,Plantae,Magnoliopsida,0,0,0,1,0,0,0,0,Plants
Ptychosema pusillum,Dwarf Pea,Vulnerable,Plantae,Magnoliopsida,0,0,0,0,0,0,0,1,Plants
Pultenaea aculeata,-,Endangered,Plantae,Magnoliopsida,0,1,0,0,0,0,0,0,Plants
Pultenaea aristata,-,Vulnerable,Plantae,Magnoliopsida,0,1,0,0,0,0,0,0,Plants
Pultenaea baeuerlenii,Budawangs Bush-pea,Endangered,Plantae,Magnoliopsida,0,1,0,0,0,0,0,0,Plants
Pultenaea elusa,Elusive Bush-pea,Endangered,Plantae,Magnoliopsida,0,1,0,0,0,0,0,0,Plants
Pultenaea glabra,"Smooth Bush-pea, Swamp Bush-pea",Vulnerable,Plantae,Magnoliopsida,0,1,0,0,0,0,0,0,Plants
Pultenaea insularis,Beyeria Bush-pea,Critically Endangered,Plantae,Magnoliopsida,0,0,0,0,1,0,0,0,Plants
Pultenaea parrisiae,-,Vulnerable,Plantae,Magnoliopsida,0,1,0,0,0,0,1,0,Plants
Pultenaea parviflora,-,Vulnerable,Plantae,Magnoliopsida,0,1,0,0,0,0,0,0,Plants
Pultenaea pauciflora,Narrogin Pea,Vulnerable,Plantae,Magnoliopsida,0,0,0,0,0,0,0,1,Plants
Pultenaea setulosa,-,Vulnerable,Plantae,Magnoliopsida,0,0,0,1,0,0,0,0,Plants
Pultenaea sp. Genowlan Point (NSW 417813),"Genowlan Point Pultenaea, Genowlan Pultenaea",Critically Endangered,Plantae,Magnoliopsida,0,1,0,0,0,0,0,0,Plants
Pultenaea trichophylla,Tufted Bush-pea,Endangered,Plantae,Magnoliopsida,0,0,0,0,1,0,0,0,Plants
Pultenaea villifera var. glabrescens,"Yellow Bush-pea, Splendid Bush-pea",Vulnerable,Plantae,Magnoliopsida,0,0,0,0,1,0,0,0,Plants
Pultenaea williamsoniana,Williamsons Bush-pea,Vulnerable,Plantae,Magnoliopsida,0,0,0,0,0,0,1,0,Plants
Pycnoptilus floccosus,Pilotbird,Vulnerable,Animalia,Aves,1,1,0,0,0,0,1,0,Birds
Quintalia stoddartii,Stoddart's Helicarionid Land Snail,Critically Endangered,Animalia,Gastropoda,0,0,0,0,0,0,0,0,Invertebrates
Ramphotyphlops exocoeti,"Christmas Island Blind Snake, Christmas Island Pink Blind Snake",Vulnerable,Animalia,Reptilia,0,0,0,0,0,0,0,0,Reptiles
Randia moorei,Spiny Gardenia,Endangered,Plantae,Magnoliopsida,0,1,0,1,0,0,0,0,Plants
Ranunculus anemoneus,Anemone Buttercup,Vulnerable,Plantae,Magnoliopsida,0,1,0,0,0,0,0,0,Plants
Ranunculus prasinus,"Midlands Buttercup, Tunbridge Buttercup",Endangered,Plantae,Magnoliopsida,0,0,0,0,0,1,0,0,Plants
Reedia spathacea,Reedia,Critically Endangered,Plantae,Liliopsida,0,0,0,0,0,0,0,1,Plants
Rhagodia acicularis,Wongan Rhagodia,Vulnerable,Plantae,Magnoliopsida,0,0,0,0,0,0,0,1,Plants
Rhaphidospora bonneyana,-,Vulnerable,Plantae,Magnoliopsida,0,1,0,1,0,0,0,0,Plants
Rhaponticum australe,"Austral Cornflower, Native Thistle",Vulnerable,Plantae,Magnoliopsida,0,1,0,1,0,0,1,0,Plants
Rheodytes leukops,"Fitzroy River Turtle, Fitzroy Tortoise, Fitzroy Turtle, White-eyed River Diver",Endangered,Animalia,Reptilia,0,0,0,1,0,0,0,0,Reptiles
Rhincodon typus,Whale Shark,Vulnerable,Animalia,Chondrichthyes,0,1,1,1,0,1,1,1,Fish
Rhinerrhizopsis matutina,-,Vulnerable,Plantae,Liliopsida,0,0,0,1,0,0,0,0,Plants
Rhinolophus robertsi,"Large-eared Horseshoe Bat, Greater Large-eared Horseshoe Bat, Lesser Large-eared Horseshoe Bat",Vulnerable,Animalia,Mammalia,0,0,0,1,0,0,0,0,Mammals
Rhinonicteris aurantia (Pilbara form),Pilbara Leaf-nosed Bat,Vulnerable,Animalia,Mammalia,0,0,0,0,0,0,0,1,Mammals
Rhizanthella gardneri,"Western Underground Orchid, Underground Orchid",Critically Endangered,Plantae,Liliopsida,0,0,0,0,0,0,0,1,Plants
Rhizanthella johnstonii,South Coast Underground Orchid,Critically Endangered,Plantae,Liliopsida,0,0,0,0,0,0,0,1,Plants
Rhizanthella slateri,Eastern Underground Orchid,Endangered,Plantae,Liliopsida,0,1,0,0,0,0,0,0,Plants
Rhodamnia angustifolia,Narrow-leaved Malletwood,Critically Endangered,Plantae,Magnoliopsida,0,0,0,1,0,0,0,0,Plants
Rhodamnia longisepala,-,Critically Endangered,Plantae,Magnoliopsida,0,0,0,1,0,0,0,0,Plants
Rhodamnia maideniana,Smooth Scrub Turpentine,Critically Endangered,Plantae,Magnoliopsida,0,1,0,1,0,0,0,0,Plants
Rhodamnia rubescens,"Scrub Turpentine, Brown Malletwood",Critically Endangered,Plantae,Magnoliopsida,0,1,0,1,0,0,0,0,Plants
Rhodamnia sessiliflora,Iron Malletwood,Endangered,Plantae,Magnoliopsida,0,0,0,1,0,0,0,0,Plants
Rhodamnia whiteana,White Malletwood,Endangered,Plantae,Magnoliopsida,0,0,0,1,0,0,0,0,Plants
Rhodomyrtus psidioides,Native Guava,Critically Endangered,Plantae,Magnoliopsida,0,1,0,1,0,0,0,0,Plants
Ricinocarpos brevis,-,Endangered,Plantae,Magnoliopsida,0,0,0,0,0,0,0,1,Plants
Ricinocarpos gloria-medii,Glory of the Centre,Vulnerable,Plantae,Magnoliopsida,0,0,1,0,0,0,0,0,Plants
Ricinocarpos trichophorus,Barrens Wedding Bush,Endangered,Plantae,Magnoliopsida,0,0,0,0,0,0,0,1,Plants
Riekoperla darlingtoni,Mount Donna Buang Wingless Stonefly,Critically Endangered,Animalia,Insecta,0,0,0,0,0,0,1,0,Invertebrates
Ristantia gouldii,-,Vulnerable,Plantae,Magnoliopsida,0,0,0,1,0,0,0,0,Plants
Romnalda strobilacea,-,Vulnerable,Plantae,Liliopsida,0,0,0,1,0,0,0,0,Plants
Rostratula australis,Australian Painted Snipe,Endangered,Animalia,Aves,1,1,1,1,1,0,1,1,Birds
Roycea pycnophylloides,Saltmat,Endangered,Plantae,Magnoliopsida,0,0,0,0,0,0,0,1,Plants
Rutidosis heterogama,Heath Wrinklewort,Vulnerable,Plantae,Magnoliopsida,0,1,0,0,0,0,0,0,Plants
Rutidosis leiolepis,Monaro Golden Daisy,Vulnerable,Plantae,Magnoliopsida,0,1,0,0,0,0,0,0,Plants
Rutidosis leptorhynchoides,Button Wrinklewort,Endangered,Plantae,Magnoliopsida,1,1,0,0,0,0,1,0,Plants
Rytidosperma pumilum,Feldmark Grass,Vulnerable,Plantae,Liliopsida,0,1,0,0,0,0,0,0,Plants
Saccolaimus saccolaimus nudicluniatus,"Bare-rumped Sheath-tailed Bat, Bare-rumped Sheathtail Bat",Vulnerable,Animalia,Mammalia,0,0,1,1,0,0,0,1,Mammals
Sagina diemensis,Tasmanian Pearlwort,Endangered,Plantae,Magnoliopsida,0,0,0,0,0,1,0,0,Plants
Saltuarius eximius,Cape Melville Leaf-tail Gecko,Critically Endangered,Animalia,Reptilia,0,0,0,1,0,0,0,0,Reptiles
Saltuarius kateae,Kate's Leaf-tail Gecko,Endangered,Animalia,Reptilia,0,1,0,0,0,0,0,0,Reptiles
Saltuarius moritzi,"New England Leaf-tailed Gecko, Moritz's Leaf-tailed Gecko",Endangered,Animalia,Reptilia,0,1,0,0,0,0,0,0,Reptiles
Saltuarius wyberba,Granite Leaf-tailed Gecko,Endangered,Animalia,Reptilia,0,1,0,1,0,0,0,0,Reptiles
Samadera bidwillii,Quassia,Vulnerable,Plantae,Magnoliopsida,0,0,0,1,0,0,0,0,Plants
Samadera sp. Moonee Creek (J.King s.n. Nov. 1949),-,Endangered,Plantae,Magnoliopsida,0,1,0,0,0,0,0,0,Plants
Sankowskya stipularis,-,Endangered,Plantae,Magnoliopsida,0,0,0,1,0,0,0,0,Plants
Sannantha crenulata,Fern-leaf Baeckea,Vulnerable,Plantae,Magnoliopsida,0,0,0,0,0,0,1,0,Plants
Sannantha tozerensis,a shrub,Vulnerable,Plantae,Magnoliopsida,0,0,0,1,0,0,0,0,Plants
Sannantha whitei,-,Critically Endangered,Plantae,Magnoliopsida,0,1,0,0,0,0,0,0,Plants
Sarcochilus fitzgeraldii,Ravine Orchid,Vulnerable,Plantae,Liliopsida,0,1,0,1,0,0,0,0,Plants
Sarcochilus hartmannii,"Waxy Sarcochilus, Blue Knob Orchid",Vulnerable,Plantae,Liliopsida,0,1,0,1,0,0,0,0,Plants
Sarcochilus hirticalcar,-,Vulnerable,Plantae,Liliopsida,0,0,0,1,0,0,0,0,Plants
Sarcochilus weinthalii,"Blotched Sarcochilus, Weinthals Sarcanth",Vulnerable,Plantae,Liliopsida,0,1,0,1,0,0,0,0,Plants
Sarcophilus harrisii,Tasmanian Devil,Endangered,Animalia,Mammalia,0,0,0,0,0,1,0,0,Mammals
Scaevola macrophylla,Large-flowered Scaevola,Critically Endangered,Plantae,Magnoliopsida,0,0,0,0,0,0,0,1,Plants
Scaturiginichthys vermeilipinnis,"Redfin Blue Eye, Redfin Blue-eye",Endangered,Animalia,Actinopterygii,0,0,0,1,0,0,0,0,Fish
Schoenia filifolia subsp. subulifolia,Mingenew Everlasting,Endangered,Plantae,Magnoliopsida,0,0,0,0,0,0,0,1,Plants
Sclerolaena blakei,-,Vulnerable,Plantae,Magnoliopsida,0,0,0,1,0,0,0,0,Plants
Sclerolaena napiformis,Turnip Copperburr,Endangered,Plantae,Magnoliopsida,0,1,0,0,0,0,1,0,Plants
Sclerolaena walkeri,-,Vulnerable,Plantae,Magnoliopsida,0,0,0,1,0,0,0,0,Plants
Selaginella andrewsii,Tallebudgera spikemoss,Vulnerable,Plantae,Lycopodopiatae,0,1,0,1,0,0,0,0,Plants
Semotrachia euzyga,a land snail,Endangered,Animalia,Gastropoda,0,0,1,0,0,0,0,0,Invertebrates
Senecio australis,a daisy,Vulnerable,Plantae,Magnoliopsida,0,0,0,0,0,0,0,0,Plants
Senecio behrianus,"Stiff Groundsel, Behr's Groundsel",Endangered,Plantae,Magnoliopsida,0,1,0,0,1,0,1,0,Plants
Senecio evansianus,a daisy,Endangered,Plantae,Magnoliopsida,0,0,0,0,0,0,0,0,Plants
Senecio hooglandii,a daisy,Vulnerable,Plantae,Magnoliopsida,0,0,0,0,0,0,0,0,Plants
Senecio macrocarpus,"Large-fruit Fireweed, Large-fruit Groundsel",Vulnerable,Plantae,Magnoliopsida,0,1,0,0,1,1,1,0,Plants
Senecio megaglossus,Superb Groundsel,Vulnerable,Plantae,Magnoliopsida,0,0,0,0,1,0,0,0,Plants
Senecio psilocarpus,"Swamp Fireweed, Smooth-fruited Groundsel",Vulnerable,Plantae,Magnoliopsida,0,0,0,0,1,1,1,0,Plants
Seringia exastia,Fringed Fire-bush,Critically Endangered,Plantae,Magnoliopsida,0,0,0,0,0,0,0,1,Plants
Setonix brachyurus,Quokka,Vulnerable,Animalia,Mammalia,0,0,0,0,0,0,0,1,Mammals
Sinumelon bednalli,Bednall's Land Snail,Endangered,Animalia,Gastropoda,0,0,1,0,0,0,0,0,Invertebrates
Sminthopsis butleri,Butler's Dunnart,Vulnerable,Animalia,Mammalia,0,0,1,0,0,0,0,1,Mammals
Sminthopsis douglasi,Julia Creek Dunnart,Vulnerable,Animalia,Mammalia,0,0,0,1,0,0,0,0,Mammals
Sminthopsis fuliginosa aitkeni,Kangaroo Island Dunnart,Endangered,Animalia,Mammalia,0,0,0,0,1,0,0,0,Mammals
Sminthopsis psammophila,Sandhill Dunnart,Endangered,Animalia,Mammalia,0,0,1,0,1,0,0,1,Mammals
Solanum dissectum,-,Endangered,Plantae,Magnoliopsida,0,0,0,1,0,0,0,0,Plants
Solanum dunalianum,-,Vulnerable,Plantae,Magnoliopsida,0,0,0,1,0,0,0,0,Plants
Solanum graniticum,Granite Nightshade,Endangered,Plantae,Magnoliopsida,0,0,0,1,0,0,0,0,Plants
Solanum johnsonianum,-,Endangered,Plantae,Magnoliopsida,0,0,0,1,0,0,0,0,Plants
Solanum karsense,Menindee Nightshade,Vulnerable,Plantae,Magnoliopsida,0,1,0,0,1,0,1,0,Plants
Solanum orgadophilum,Capella Potato Bush,Critically Endangered,Plantae,Magnoliopsida,0,0,0,1,0,0,0,0,Plants
Solanum sulphureum,-,Endangered,Plantae,Magnoliopsida,0,1,0,0,0,0,0,0,Plants
Sophora fraseri,-,Vulnerable,Plantae,Magnoliopsida,0,1,0,1,0,0,0,0,Plants
Sousa sahulensis,Australian Humpback Dolphin,Vulnerable,Animalia,Mammalia,0,1,1,1,0,0,0,1,Mammals
Sphaerolobium acanthos,Grampians Globe-pea,Critically Endangered,Plantae,Magnoliopsida,0,0,0,0,0,0,1,0,Plants
Sphenotoma drummondii,Mountain Paper-heath,Endangered,Plantae,Magnoliopsida,0,0,0,0,0,0,0,1,Plants
Spicospina flammocaerulea,Sunset Frog,Vulnerable,Animalia,Amphibia,0,0,0,0,0,0,0,1,Frogs
Spirogardnera rubescens,Spiral Bush,Endangered,Plantae,Magnoliopsida,0,0,0,0,0,0,0,1,Plants
Sporobolus pamelae,a grass,Endangered,Plantae,Liliopsida,0,0,0,1,0,0,0,0,Plants
Spyridium cinereum,Tiny Spyridium,Endangered,Plantae,Magnoliopsida,0,1,0,0,0,0,1,0,Plants
Spyridium coactilifolium,Butterfly Spyridium,Vulnerable,Plantae,Magnoliopsida,0,0,0,0,1,0,0,0,Plants
Spyridium eriocephalum var. glabrisepalum,MacGillivray Spyridium,Vulnerable,Plantae,Magnoliopsida,0,0,0,0,1,0,0,0,Plants
Spyridium fontis-woodii,Woods Well Spyridium,Critically Endangered,Plantae,Magnoliopsida,0,0,0,0,1,0,0,0,Plants
Spyridium furculentum,Forked Spyridium,Endangered,Plantae,Magnoliopsida,0,0,0,0,0,0,1,0,Plants
Spyridium lawrencei,Small-leaf Spyridium,Endangered,Plantae,Magnoliopsida,0,0,0,0,0,1,0,0,Plants
Spyridium obcordatum,Creeping Dusty Miller,Vulnerable,Plantae,Magnoliopsida,0,0,0,0,0,1,0,0,Plants
Stachystemon nematophorus,Three-flowered Stachystemon,Vulnerable,Plantae,Magnoliopsida,0,0,0,0,0,0,0,1,Plants
Stackhousia annua,"Annual Stackhousia, Annual Candles",Vulnerable,Plantae,Magnoliopsida,0,0,0,0,1,0,1,0,Plants
Stagonopleura bella samueli,"Western Beautiful Firetail, Beautiful Firetail (Mt Lofty Range and Kangaroo Island)",Endangered,Animalia,Aves,0,0,0,0,1,0,0,0,Birds
Stagonopleura guttata,Diamond Firetail,Vulnerable,Animalia,Aves,1,1,0,1,1,0,1,0,Birds
Stenanthemum pimeleoides,"Spreading Stenanthemum, Propellor Plant",Vulnerable,Plantae,Magnoliopsida,0,0,0,0,0,1,0,0,Plants
Sterna vittata bethunei,"New Zealand Antarctic Tern, Antarctic Tern (New Zealand)",Endangered,Animalia,Aves,0,0,0,0,0,1,0,0,Birds
Sterna vittata vittata,Antarctic Tern (Indian Ocean),Vulnerable,Animalia,Aves,0,0,0,0,0,0,0,0,Birds
Sternula albifrons,Little Tern,Vulnerable,Animalia,Aves,0,1,1,1,1,1,1,1,Birds
Sternula nereis nereis,Australian Fairy Tern,Vulnerable,Animalia,Aves,0,1,0,0,1,1,1,1,Birds
Stiphodon semoni,Opal Cling Goby,Critically Endangered,Animalia,Actinopterygii,0,0,0,1,0,0,0,0,Fish
Stipiturus malachurus halmaturinus,Kangaroo Island Southern Emu-wren,Endangered,Animalia,Aves,0,0,0,0,1,0,0,0,Birds
Stipiturus malachurus intermedius,"Fleurieu Peninsula Southern Emu-wren, Mount Lofty Southern Emu-wren",Endangered,Animalia,Aves,0,0,0,0,1,0,0,0,Birds
Stipiturus malachurus parimeda,"Southern Emu-wren (Eyre Peninsula), Eyre Peninsula Southern Emu-wren",Endangered,Animalia,Aves,0,0,0,0,1,0,0,0,Birds
Stipiturus mallee,Mallee Emu-wren,Endangered,Animalia,Aves,0,0,0,0,1,0,1,0,Birds
Stonesiella selaginoides,Clubmoss Bush-pea,Endangered,Plantae,Magnoliopsida,0,0,0,0,0,1,0,0,Plants
Streblus pendulinus,"Siah's Backbone, Sia's Backbone, Isaac Wood",Endangered,Plantae,Magnoliopsida,0,0,0,0,0,0,0,0,Plants
Strepera fuliginosa colei,Black Currawong (King Island),Vulnerable,Animalia,Aves,0,0,0,0,0,1,0,0,Birds
Strepera graculina crissalis,"Lord Howe Island Currawong, Pied Currawong (Lord Howe Island)",Vulnerable,Animalia,Aves,0,1,0,0,0,0,0,0,Birds
Strophurus horneri,Arnhem Phasmid Gecko,Vulnerable,Animalia,Reptilia,0,0,1,0,0,0,0,0,Reptiles
Stylidium amabile,-,Critically Endangered,Plantae,Magnoliopsida,0,0,0,0,0,0,0,1,Plants
Stylidium applanatum,Flat-leaved Triggerplant,Critically Endangered,Plantae,Magnoliopsida,0,0,0,0,0,0,0,1,Plants
Stylidium asymmetricum,Asymmetric Triggerplant,Endangered,Plantae,Magnoliopsida,0,0,0,0,0,0,0,1,Plants
Stylidium coroniforme subsp. amblyphyllum,-,Endangered,Plantae,Magnoliopsida,0,0,0,0,0,0,0,1,Plants
Stylidium coroniforme subsp. coroniforme,"Wongan Hills Triggerplant, Wongan Triggerplant",Endangered,Plantae,Magnoliopsida,0,0,0,0,0,0,0,1,Plants
Stylidium ensatum,a triggerplant,Endangered,Plantae,Magnoliopsida,0,0,1,0,0,0,0,0,Plants
Stylidium galioides,Yellow Mountain Triggerplant,Vulnerable,Plantae,Magnoliopsida,0,0,0,0,0,0,0,1,Plants
Stylidium semaphorum,-,Critically Endangered,Plantae,Magnoliopsida,0,0,0,0,0,0,0,1,Plants
Styphelia longissima,-,Critically Endangered,Plantae,Magnoliopsida,0,0,0,0,0,0,0,1,Plants
Styphelia perileuca,-,Endangered,Plantae,Magnoliopsida,0,1,0,0,0,0,0,0,Plants
Swainsona murrayana,"Slender Darling-pea, Slender Swainson, Murray Swainson-pea",Vulnerable,Plantae,Magnoliopsida,0,1,0,1,1,0,1,0,Plants
Swainsona plagiotropis,"Red Darling-pea, Red Swainson-pea",Vulnerable,Plantae,Magnoliopsida,0,1,0,0,0,0,1,0,Plants
Swainsona pyrophila,Yellow Swainson-pea,Vulnerable,Plantae,Magnoliopsida,0,1,0,0,1,0,1,0,Plants
Swainsona recta,"Small Purple-pea, Mountain Swainson-pea, Small Purple Pea",Endangered,Plantae,Magnoliopsida,1,1,0,0,0,0,1,0,Plants
Symonanthus bancroftii,Bancrofts Symonanthus,Endangered,Plantae,Magnoliopsida,0,0,0,0,0,0,0,1,Plants
Symplocos baeuerlenii,"Small-leaved Hazelwood, Shrubby Hazelwood",Vulnerable,Plantae,Magnoliopsida,0,1,0,1,0,0,0,0,Plants
Synaphea quartzitica,Quartz-loving Synaphea,Endangered,Plantae,Magnoliopsida,0,0,0,0,0,0,0,1,Plants
Synaphea sp. Fairbridge Farm (D.Papenfus 696),Selena's Synaphea,Critically Endangered,Plantae,Magnoliopsida,0,0,0,0,0,0,0,1,Plants
Synaphea sp. Pinjarra (R.Davis 6578),Club-leafed Synaphea,Critically Endangered,Plantae,Magnoliopsida,0,0,0,0,0,0,0,1,Plants
Synaphea sp. Pinjarra Plain (A.S.George 17182),-,Endangered,Plantae,Magnoliopsida,0,0,0,0,0,0,0,1,Plants
Synaphea sp. Serpentine (G.R.Brand 103),-,Critically Endangered,Plantae,Magnoliopsida,0,0,0,0,0,0,0,1,Plants
Synaphea stenoloba,Dwellingup Synaphea,Endangered,Plantae,Magnoliopsida,0,0,0,0,0,0,0,1,Plants
Synemon plana,Golden Sun Moth,Vulnerable,Animalia,Insecta,1,1,0,0,1,0,1,0,Invertebrates
Syzygium hodgkinsoniae,"Smooth-bark Rose Apple, Red Lilly Pilly",Vulnerable,Plantae,Magnoliopsida,0,1,0,1,0,0,0,0,Plants
Syzygium moorei,"Rose Apple, Coolamon, Robby, Durobby, Watermelon Tree, Coolamon Rose Apple",Vulnerable,Plantae,Magnoliopsida,0,1,0,1,0,0,0,0,Plants
Syzygium paniculatum,"Magenta Lilly Pilly, Magenta Cherry, Daguba, Scrub Cherry, Creek Lilly Pilly, Brush Cherry",Vulnerable,Plantae,Magnoliopsida,0,1,0,0,0,0,0,0,Plants
Syzygium velarum,-,Vulnerable,Plantae,Magnoliopsida,0,0,0,1,0,0,0,0,Plants
Tachyglossus aculeatus multiaculeatus,Kangaroo Island Echidna,Endangered,Animalia,Mammalia,0,0,0,0,1,0,0,0,Mammals
Taeniophyllum norfolkianum,"Minute Orchid, Ribbon-root Orchid",Vulnerable,Plantae,Liliopsida,0,0,0,0,0,0,0,0,Plants
Taraxacum cygnorum,"Coast Dandelion, Native Dandelion",Vulnerable,Plantae,Magnoliopsida,0,0,0,0,1,1,1,1,Plants
Tarennoidea wallichii,-,Endangered,Plantae,Magnoliopsida,0,0,1,0,0,0,0,0,Plants
Tasmannia glaucifolia,Fragrant Pepperbush,Vulnerable,Plantae,Magnoliopsida,0,1,0,0,0,0,0,0,Plants
Taudactylus eungellensis,Eungella Day Frog,Endangered,Animalia,Amphibia,0,0,0,1,0,0,0,0,Frogs
Taudactylus pleione,"Kroombit Tinker Frog, Pleione's Torrent Frog",Critically Endangered,Animalia,Amphibia,0,0,0,1,0,0,0,0,Frogs
Taudactylus rheophilus,Tinkling Frog,Critically Endangered,Animalia,Amphibia,0,0,0,1,0,0,0,0,Frogs
Tectaria devexa,Cave Fern,Endangered,Plantae,Polypodiatae,0,0,0,1,0,0,0,0,Plants
Tecticornia bulbosa,Large-articled Samphire,Vulnerable,Plantae,Magnoliopsida,0,0,0,0,0,0,0,1,Plants
Tecticornia flabelliformis,"Bead Glasswort, Bead Samphire",Vulnerable,Plantae,Magnoliopsida,0,0,0,0,1,0,1,1,Plants
Telopea aspera,Gibraltar Waratah,Endangered,Plantae,Magnoliopsida,0,1,0,0,0,0,0,0,Plants
Tephrosia leveillei,-,Vulnerable,Plantae,Magnoliopsida,0,0,0,1,0,0,0,0,Plants
Tetraria australiensis,Southern Tetraria,Vulnerable,Plantae,Liliopsida,0,0,0,0,0,0,0,1,Plants
Tetratheca aphylla,Bungalbin Tetratheca,Vulnerable,Plantae,Magnoliopsida,0,0,0,0,0,0,0,1,Plants
Tetratheca deltoidea,Granite Tetratheca,Endangered,Plantae,Magnoliopsida,0,0,0,0,0,0,0,1,Plants
Tetratheca gunnii,"Shy Pinkbells, Shy Susan",Critically Endangered,Plantae,Magnoliopsida,0,0,0,0,0,1,0,0,Plants
Tetratheca harperi,Jackson Tetratheca,Vulnerable,Plantae,Magnoliopsida,0,0,0,0,0,0,0,1,Plants
Tetratheca juncea,Black-eyed Susan,Vulnerable,Plantae,Magnoliopsida,0,1,0,0,0,0,0,0,Plants
Tetratheca nephelioides,-,Critically Endangered,Plantae,Magnoliopsida,0,0,0,0,0,0,0,1,Plants
Tetratheca paynterae,Paynter's Tetratheca,Endangered,Plantae,Magnoliopsida,0,0,0,0,0,0,0,1,Plants
Thalassarche bulleri,"Buller's Albatross, Pacific Albatross",Vulnerable,Animalia,Aves,0,1,0,0,1,1,1,0,Birds
Thalassarche bulleri platei,"Northern Buller's Albatross, Pacific Albatross",Vulnerable,Animalia,Aves,0,1,0,0,1,1,1,0,Birds
Thalassarche carteri,Indian Yellow-nosed  Albatross,Vulnerable,Animalia,Aves,0,0,0,1,1,0,1,1,Birds
Thalassarche cauta,Shy Albatross,Endangered,Animalia,Aves,0,1,0,1,1,1,1,1,Birds
Thalassarche chrysostoma,Grey-headed Albatross,Endangered,Animalia,Aves,0,1,0,1,1,1,1,1,Birds
Thalassarche eremita,Chatham Albatross,Endangered,Animalia,Aves,0,1,0,0,0,1,1,0,Birds
Thalassarche impavida,"Campbell Albatross, Campbell Black-browed Albatross",Vulnerable,Animalia,Aves,0,1,0,1,1,1,1,1,Birds
Thalassarche melanophris,Black-browed Albatross,Vulnerable,Animalia,Aves,0,1,0,1,1,1,1,1,Birds
Thalassarche salvini,Salvin's Albatross,Vulnerable,Animalia,Aves,0,1,0,1,1,1,1,1,Birds
Thalassarche steadi,White-capped Albatross,Vulnerable,Animalia,Aves,0,1,0,1,1,1,1,1,Birds
Thaumatoperla alpina,Alpine Stonefly,Endangered,Animalia,Insecta,0,0,0,0,0,0,1,0,Invertebrates
Thelymitra adorata,Wyong Sun Orchid,Critically Endangered,Plantae,Liliopsida,0,1,0,0,0,0,0,0,Plants
Thelymitra cyanapicata,"Blue Top Sun-orchid, Dark-tipped Sun-orchid",Critically Endangered,Plantae,Liliopsida,0,0,0,0,1,0,0,0,Plants
Thelymitra dedmaniarum,Cinnamon Sun Orchid,Endangered,Plantae,Liliopsida,0,0,0,0,0,0,0,1,Plants
Thelymitra epipactoides,Metallic Sun-orchid,Endangered,Plantae,Liliopsida,0,1,0,0,1,0,1,0,Plants
Thelymitra hygrophila,Blue Star Sun-orchid,Critically Endangered,Plantae,Liliopsida,0,0,0,0,1,0,0,0,Plants
Thelymitra jonesii,Sky-blue Sun-orchid,Endangered,Plantae,Liliopsida,0,0,0,0,0,1,0,0,Plants
Thelymitra kangaloonica,Kangaloon Sun Orchid,Critically Endangered,Plantae,Liliopsida,0,1,0,0,0,0,0,0,Plants
Thelymitra mackibbinii,Brilliant Sun-orchid,Vulnerable,Plantae,Liliopsida,0,0,0,0,0,0,1,0,Plants
Thelymitra matthewsii,Spiral Sun-orchid,Endangered,Plantae,Liliopsida,0,0,0,0,1,0,1,0,Plants
Thelymitra orientalis,Hoary Sun-orchid,Critically Endangered,Plantae,Liliopsida,0,0,0,0,1,0,1,0,Plants
Thelymitra psammophila,Sandplain Sun-orchid,Vulnerable,Plantae,Liliopsida,0,0,0,0,0,0,0,1,Plants
Thelymitra stellata,Star Sun-orchid,Endangered,Plantae,Liliopsida,0,0,0,0,0,0,0,1,Plants
Thelymitra variegata,Queen of Sheba,Critically Endangered,Plantae,Liliopsida,0,0,0,0,0,0,0,1,Plants
Thersites mitchellae,Mitchell's Rainforest Snail,Critically Endangered,Animalia,Gastropoda,0,1,0,0,0,0,0,0,Invertebrates
Thesium australe,"Austral Toadflax, Toadflax",Vulnerable,Plantae,Magnoliopsida,1,1,0,1,0,1,1,0,Plants
Thinornis cucullatus cucullatus,"Eastern Hooded Plover, Eastern Hooded Plover",Vulnerable,Animalia,Aves,0,1,0,0,1,1,1,0,Birds
Thismia clavarioides,-,Endangered,Plantae,Liliopsida,0,1,0,0,0,0,0,0,Plants
Thomasia glabripetala,Sandplain Thomasia,Vulnerable,Plantae,Magnoliopsida,0,0,0,0,0,0,0,1,Plants
Thomasia montana,Hill Thomasia,Vulnerable,Plantae,Magnoliopsida,0,0,0,0,0,0,0,1,Plants
Thomasia sp. Green Hill (S.Paust 1322),Green Hill Thomasia,Endangered,Plantae,Magnoliopsida,0,0,0,0,0,0,0,1,Plants
Thryptomene wittweri,Mountain Thryptomene,Vulnerable,Plantae,Magnoliopsida,0,0,1,0,0,0,0,1,Plants
Thymichthys politus,Red Handfish,Critically Endangered,Animalia,Actinopterygii,0,0,0,0,0,1,0,0,Fish
Thynninorchis nothofagicola,Myrtle Elbow Orchid,Critically Endangered,Plantae,Liliopsida,0,0,0,0,0,1,0,0,Plants
Tiliqua adelaidensis,"Pygmy Blue-tongue Lizard, Adelaide Blue-tongue Lizard",Endangered,Animalia,Reptilia,0,0,0,0,1,0,0,0,Reptiles
Tiliqua scincoides intermedia,Northern Blue-tongued Skink,Critically Endangered,Animalia,Reptilia,0,0,1,1,0,0,0,1,Reptiles
Tmesipteris norfolkensis,Hanging Fork-fern,Vulnerable,Plantae,Psilotatae,0,0,0,0,0,0,0,0,Plants
Toechima pterocarpum,-,Endangered,Plantae,Magnoliopsida,0,0,0,1,0,0,0,0,Plants
Toechima sp. East Alligator (J.Russell-Smith 8418),a tree,Endangered,Plantae,Magnoliopsida,0,0,1,0,0,0,0,0,Plants
Tomophyllum walleri,-,Vulnerable,Plantae,Polypodiatae,0,0,0,1,0,0,0,0,Plants
Trachymene scapigera,Mountain Trachymene,Endangered,Plantae,Magnoliopsida,0,1,0,0,0,0,0,0,Plants
Tribonanthes purpurea,Granite Pink,Vulnerable,Plantae,Liliopsida,0,0,0,0,0,0,0,1,Plants
Trichanthodium baracchianum,Dwarf Yellow-heads,Vulnerable,Plantae,Magnoliopsida,0,0,0,0,0,0,1,0,Plants
Trichosurus vulpecula arnhemensis,Northern Brushtail Possum,Vulnerable,Animalia,Mammalia,0,0,1,0,0,0,0,1,Mammals
Tringa nebularia,"Common Greenshank, Greenshank",Endangered,Animalia,Aves,1,1,1,1,1,1,1,1,Birds
Trioza barrettae,Banksia brownii plant louse,Endangered,Animalia,Insecta,0,0,0,0,0,0,0,1,Invertebrates
Triplarina imbricata,-,Endangered,Plantae,Magnoliopsida,0,1,0,0,0,0,0,0,Plants
Triplarina nitchaga,-,Vulnerable,Plantae,Magnoliopsida,0,0,0,1,0,0,0,0,Plants
Triplarina nowraensis,Nowra Heath-myrtle,Endangered,Plantae,Magnoliopsida,0,1,0,0,0,0,0,0,Plants
Trisyntopa scatophaga,Antbed Parrot Moth,Endangered,Animalia,Insecta,0,0,0,1,0,0,0,0,Invertebrates
Trithuria occidentalis,Swan Hydatella,Endangered,Plantae,Liliopsida,0,0,0,0,0,0,0,1,Plants
Triunia robusta,Glossy Spice Bush,Endangered,Plantae,Magnoliopsida,0,0,0,1,0,0,0,0,Plants
Tropilis callitrophilis,Thin Feather Orchid,Vulnerable,Plantae,Liliopsida,0,0,0,1,0,0,0,0,Plants
Turdus poliocephalus erythropleurus,Christmas Island Thrush,Endangered,Animalia,Aves,0,0,0,0,0,0,0,0,Birds
Turnix melanogaster,Black-breasted Button-quail,Vulnerable,Animalia,Aves,0,1,0,1,0,0,0,0,Birds
Turnix olivii,Buff-breasted Button-quail,Critically Endangered,Animalia,Aves,0,0,0,1,0,0,0,0,Birds
Turnix varius scintillans,Painted Button-quail (Houtman Abrolhos),Endangered,Animalia,Aves,0,0,0,0,0,0,0,1,Birds
Tylophora linearis,-,Endangered,Plantae,Magnoliopsida,0,1,0,1,0,0,0,0,Plants
Tylophora rupicola,-,Endangered,Plantae,Magnoliopsida,0,0,0,1,0,0,0,0,Plants
Tylophora woollsii,-,Endangered,Plantae,Magnoliopsida,0,1,0,1,0,0,0,0,Plants
Tympanocryptis condaminensis,Condamine Earless Dragon,Endangered,Animalia,Reptilia,0,0,0,1,0,0,0,0,Reptiles
Tympanocryptis lineata,"Canberra Grassland Earless Dragon, Lined Earless Dragon",Critically Endangered,Animalia,Reptilia,1,1,0,0,0,0,0,0,Reptiles
Tympanocryptis mccartneyi,Bathurst Grassland Earless Dragon,Critically Endangered,Animalia,Reptilia,0,1,0,0,0,0,0,0,Reptiles
Tympanocryptis osbornei,Monaro Grassland Earless Dragon,Endangered,Animalia,Reptilia,0,1,0,0,0,0,0,0,Reptiles
Tympanocryptis pinguicolla,Victorian Grassland Earless Dragon,Critically Endangered,Animalia,Reptilia,0,0,0,0,0,0,1,0,Reptiles
Typhonium jonesii,a herb,Endangered,Plantae,Liliopsida,0,0,1,0,0,0,0,0,Plants
Typhonium mirabile,a herb,Endangered,Plantae,Liliopsida,0,0,1,0,0,0,0,0,Plants
Typhonium praetermissum,-,Endangered,Plantae,Liliopsida,0,0,1,0,0,0,0,0,Plants
Typhonium sp. Cox Peninsula (S.Nicholas 15/12/1999),-,Endangered,Plantae,Liliopsida,0,0,1,0,0,0,0,0,Plants
Typhonium taylori,a herb,Endangered,Plantae,Liliopsida,0,0,1,0,0,0,0,0,Plants
Tyto novaehollandiae castanops (Tasmanian population),Masked Owl (Tasmanian),Vulnerable,Animalia,Aves,0,0,0,0,0,1,0,0,Birds
Tyto novaehollandiae kimberli,Masked Owl (northern),Vulnerable,Animalia,Aves,0,0,1,1,0,0,0,1,Birds
Tyto novaehollandiae melvillensis,"Tiwi Masked Owl, Tiwi Islands Masked Owl",Endangered,Animalia,Aves,0,0,1,0,0,0,0,0,Birds
Ungeria floribunda,Bastard Oak,Vulnerable,Plantae,Magnoliopsida,0,0,0,0,0,0,0,0,Plants
Uperoleia daviesae,"Howard River Toadlet, Davies's Toadlet",Vulnerable,Animalia,Amphibia,0,0,1,0,0,0,0,0,Frogs
Uperoleia mahonyi,Mahony's Toadlet,Endangered,Animalia,Amphibia,0,1,0,0,0,0,0,0,Frogs
Uperoleia martini,Martin's Toadlet,Endangered,Animalia,Amphibia,0,1,0,0,0,0,1,0,Frogs
Uromyrtus australis,Peach Myrtle,Endangered,Plantae,Magnoliopsida,0,1,0,0,0,0,0,0,Plants
Uvidicolus sphyrurus,"Border Thick-tailed Gecko, Granite Belt Thick-tailed Gecko",Vulnerable,Animalia,Reptilia,0,1,0,1,0,0,0,0,Reptiles
Vanda hindsii,Cape York Vanda,Vulnerable,Plantae,Liliopsida,0,0,0,1,0,0,0,0,Plants
Vappodes lithocola,"Dwarf Butterfly Orchid, Cooktown Orchid",Endangered,Plantae,Liliopsida,0,0,0,1,0,0,0,0,Plants
Vappodes phalaenopsis,Cooktown Orchid,Vulnerable,Plantae,Liliopsida,0,0,0,1,0,0,0,0,Plants
Varanus mertensi,Mertens' Water Monitor,Endangered,Animalia,Reptilia,0,0,1,1,0,0,0,1,Reptiles
Varanus mitchelli,Mitchell's Water Monitor,Critically Endangered,Animalia,Reptilia,0,0,1,1,0,0,0,1,Reptiles
Velleia perfoliata,-,Vulnerable,Plantae,Magnoliopsida,0,1,0,0,0,0,0,0,Plants
Veronica ciliolata,Ciliolate Hebe,Vulnerable,Plantae,Magnoliopsida,0,0,0,0,0,1,0,0,Plants
Veronica derwentiana subsp. homalodonta,Mount Lofty Speedwell,Critically Endangered,Plantae,Magnoliopsida,0,0,0,0,1,0,0,0,Plants
Veronica lithophila,-,Endangered,Plantae,Magnoliopsida,0,1,0,0,0,0,0,0,Plants
Veronica parnkalliana,Port Lincoln Speedwell,Endangered,Plantae,Magnoliopsida,0,0,0,0,1,0,0,0,Plants
Verticordia albida,White Featherflower,Endangered,Plantae,Magnoliopsida,0,0,0,0,0,0,0,1,Plants
Verticordia apecta,"Hay River Featherflower, Scruffy Verticordia",Critically Endangered,Plantae,Magnoliopsida,0,0,0,0,0,0,0,1,Plants
Verticordia carinata,Stirling Range Featherflower,Vulnerable,Plantae,Magnoliopsida,0,0,0,0,0,0,0,1,Plants
Verticordia crebra,-,Vulnerable,Plantae,Magnoliopsida,0,0,0,0,0,0,0,1,Plants
Verticordia densiflora var. pedunculata,Long-stalked Featherflower,Endangered,Plantae,Magnoliopsida,0,0,0,0,0,0,0,1,Plants
Verticordia fimbrilepis subsp. australis,Southern Shy Featherflower,Vulnerable,Plantae,Magnoliopsida,0,0,0,0,0,0,0,1,Plants
Verticordia fimbrilepis subsp. fimbrilepis,Shy Featherflower,Endangered,Plantae,Magnoliopsida,0,0,0,0,0,0,0,1,Plants
Verticordia helichrysantha,Coast Featherflower,Vulnerable,Plantae,Magnoliopsida,0,0,0,0,0,0,0,1,Plants
Verticordia hughanii,Hughan's Featherflower,Endangered,Plantae,Magnoliopsida,0,0,0,0,0,0,0,1,Plants
Verticordia pityrhops,"Little Pine Verticordia, Pine-like Featherflower",Endangered,Plantae,Magnoliopsida,0,0,0,0,0,0,0,1,Plants
Verticordia plumosa var. ananeotes,Tufted Plumed Featherflower,Endangered,Plantae,Magnoliopsida,0,0,0,0,0,0,0,1,Plants
Verticordia plumosa var. vassensis,Vasse Featherflower,Endangered,Plantae,Magnoliopsida,0,0,0,0,0,0,0,1,Plants
Verticordia spicata subsp. squamosa,Scaly-leaved Featherflower,Endangered,Plantae,Magnoliopsida,0,0,0,0,0,0,0,1,Plants
Verticordia staminosa subsp. staminosa,Wongan Featherflower,Endangered,Plantae,Magnoliopsida,0,0,0,0,0,0,0,1,Plants
Verticordia staminosa var. cylindracea,Granite Featherflower,Endangered,Plantae,Magnoliopsida,0,0,0,0,0,0,0,1,Plants
Viola improcera,Dwarf Violet,Endangered,Plantae,Magnoliopsida,1,1,0,0,0,0,1,0,Plants
Vrydagzynea grayi,Tonsil Orchid,Endangered,Plantae,Liliopsida,0,0,0,1,0,0,0,0,Plants
Westralunio carteri,"Carter's Freshwater Mussel, Ambiguus Mussel",Vulnerable,Animalia,Bivalvia,0,0,0,0,0,0,0,1,Other
Westringia crassifolia,Whipstick Westringia,Endangered,Plantae,Magnoliopsida,0,0,0,0,0,0,1,0,Plants
Westringia cremnophila,Snowy River Westringia,Critically Endangered,Plantae,Magnoliopsida,0,0,0,0,0,0,1,0,Plants
Westringia davidii,-,Vulnerable,Plantae,Magnoliopsida,0,1,0,0,0,0,0,0,Plants
Westringia kydrensis,-,Endangered,Plantae,Magnoliopsida,0,1,0,0,0,0,0,0,Plants
Westringia parvifolia,-,Vulnerable,Plantae,Magnoliopsida,0,0,0,1,0,0,0,0,Plants
Westringia rupicola,-,Vulnerable,Plantae,Magnoliopsida,0,1,0,1,0,0,0,0,Plants
Wikstroemia australis,Kurrajong,Critically Endangered,Plantae,Magnoliopsida,0,0,0,0,0,0,0,0,Plants
Wollemia nobilis,Wollemi Pine,Critically Endangered,Plantae,Pinatae,0,1,0,0,0,0,0,0,Plants
Wollumbinia georgesi,"Georges' Snapping Turtle, Bellinger River Sawshell Turtle, Georges Helmeted Turtle",Critically Endangered,Animalia,Reptilia,0,1,0,0,0,0,0,0,Reptiles
Wurmbea calcicola,Naturaliste Nancy,Endangered,Plantae,Liliopsida,0,0,0,0,0,0,0,1,Plants
Wurmbea tubulosa,Long-flowered Nancy,Endangered,Plantae,Liliopsida,0,0,0,0,0,0,0,1,Plants
Xanthorrhoea arenaria,Sand Grasstree,Vulnerable,Plantae,Liliopsida,0,0,0,0,0,1,0,0,Plants
Xanthorrhoea bracteata,Shiny Grasstree,Endangered,Plantae,Liliopsida,0,0,0,0,0,1,0,0,Plants
Xanthostemon formosus,-,Endangered,Plantae,Magnoliopsida,0,0,0,1,0,0,0,0,Plants
Xanthostemon oppositifolius,"Penda, Southern Penda, Luya's Hardwood",Vulnerable,Plantae,Magnoliopsida,0,0,0,1,0,0,0,0,Plants
Xenus cinereus,Terek Sandpiper,Vulnerable,Animalia,Aves,0,1,1,1,1,1,1,1,Birds
Xerochrysum palustre,"Swamp Everlasting, Swamp Paper Daisy",Vulnerable,Plantae,Magnoliopsida,0,1,0,0,0,1,1,0,Plants
Xeromys myoides,"Water Mouse, False Water Rat, Yirrkoo",Vulnerable,Animalia,Mammalia,0,1,1,1,0,0,0,1,Mammals
Xerothamnella herbacea,-,Endangered,Plantae,Magnoliopsida,0,0,0,1,0,0,0,0,Plants
Xerothamnella parvifolia,-,Vulnerable,Plantae,Magnoliopsida,0,1,0,1,1,0,0,0,Plants
Xylopia monosperma,a shrub,Endangered,Plantae,Magnoliopsida,0,0,1,1,0,0,0,0,Plants
Xylosma parvifolia,-,Endangered,Plantae,Magnoliopsida,0,1,0,0,0,0,0,0,Plants
Xyris exilis,Stirling Range Xyris,Critically Endangered,Plantae,Liliopsida,0,0,0,0,0,0,0,1,Plants
Zearaja maugeana,"Maugean Skate, Port Davey Skate",Endangered,Animalia,Chondrichthyes,0,0,0,0,0,1,0,0,Fish
Zehneria baueriana,"Native Cucumber, Giant Cucumber",Endangered,Plantae,Magnoliopsida,0,0,0,0,0,0,0,0,Plants
Zephyrarchaea austini,Kangaroo Island Assassin Spider,Critically Endangered,Animalia,Arachnida,0,0,0,0,1,0,0,0,Invertebrates
Zeuxine polygonoides,Velvet Jewel Orchid,Vulnerable,Plantae,Liliopsida,0,0,0,1,0,0,0,0,Plants
Zieria adenophora,Araluen Zieria,Critically Endangered,Plantae,Magnoliopsida,0,1,0,0,0,0,0,0,Plants
Zieria baeuerlenii,"Bomaderry Zieria, Bomaderry Creek Zieria",Endangered,Plantae,Magnoliopsida,0,1,0,0,0,0,0,0,Plants
Zieria bifida,-,Endangered,Plantae,Magnoliopsida,0,0,0,1,0,0,0,0,Plants
Zieria buxijugum,Box Range Zieria,Critically Endangered,Plantae,Magnoliopsida,0,1,0,0,0,0,0,0,Plants
Zieria citriodora,Lemon-scented Zieria,Vulnerable,Plantae,Magnoliopsida,0,1,0,0,0,0,1,0,Plants
Zieria collina,-,Vulnerable,Plantae,Magnoliopsida,0,0,0,1,0,0,0,0,Plants
Zieria covenyi,Coveny's Zieria,Endangered,Plantae,Magnoliopsida,0,1,0,0,0,0,0,0,Plants
Zieria exsul,Banished Stink Bush,Critically Endangered,Plantae,Magnoliopsida,0,0,0,1,0,0,0,0,Plants
Zieria floydii,-,Endangered,Plantae,Magnoliopsida,0,1,0,0,0,0,0,0,Plants
Zieria formosa,Shapely Zieria,Endangered,Plantae,Magnoliopsida,0,1,0,0,0,0,0,0,Plants
Zieria granulata,"Hill Zieria, Hilly Zieria, Illawarra Zieria",Endangered,Plantae,Magnoliopsida,0,1,0,0,0,0,0,0,Plants
Zieria ingramii,"Ingram's Zieria, Keith's Zieria",Endangered,Plantae,Magnoliopsida,0,1,0,0,0,0,0,0,Plants
Zieria involucrata,-,Vulnerable,Plantae,Magnoliopsida,0,1,0,0,0,0,0,0,Plants
Zieria lasiocaulis,Willi Willi Zieria,Endangered,Plantae,Magnoliopsida,0,1,0,0,0,0,0,0,Plants
Zieria murphyi,Velvet Zieria,Vulnerable,Plantae,Magnoliopsida,0,1,0,0,0,0,0,0,Plants
Zieria obcordata,Granite Zieria,Endangered,Plantae,Magnoliopsida,0,1,0,0,0,0,0,0,Plants
Zieria obovata,-,Vulnerable,Plantae,Magnoliopsida,0,0,0,1,0,0,0,0,Plants
Zieria odorifera subsp. warrabahensis,-,Critically Endangered,Plantae,Magnoliopsida,0,1,0,0,0,0,0,0,Plants
Zieria parrisiae,Parris's Zieria,Critically Endangered,Plantae,Magnoliopsida,0,1,0,0,0,0,0,0,Plants
Zieria prostrata,Headland Zieria,Endangered,Plantae,Magnoliopsida,0,1,0,0,0,0,0,0,Plants
Zieria rimulosa,-,Vulnerable,Plantae,Magnoliopsida,0,0,0,1,0,0,0,0,Plants
Zieria tuberculata,Warty Zieria,Vulnerable,Plantae,Magnoliopsida,0,1,0,0,0,0,0,0,Plants
Zieria verrucosa,-,Vulnerable,Plantae,Magnoliopsida,0,0,0,1,0,0,0,0,Plants
Zoothera lunulata halmaturina,"South Australian Bassian Thrush, Western Bassian Thrush",Endangered,Animalia,Aves,0,0,0,0,1,0,0,0,Birds
Zyzomys maini,"Arnhem Rock-rat, Arnhem Land Rock-rat, Kodjperr",Vulnerable,Animalia,Mammalia,0,0,1,0,0,0,0,0,Mammals
Zyzomys palatalis,"Carpentarian Rock-rat, Aywalirroomoo",Endangered,Animalia,Mammalia,0,0,1,0,0,0,0,0,Mammals
Zyzomys pedunculatus,"Central Rock-rat, Antina",Critically Endangered,Animalia,Mammalia,0,0,1,0,0,0,0,1,Mammals
